/*
 Navicat Premium Data Transfer

 Source Server         : localhost
 Source Server Type    : MySQL
 Source Server Version : 50731
 Source Host           : localhost:3306
 Source Schema         : tourney

 Target Server Type    : MySQL
 Target Server Version : 50731
 File Encoding         : 65001

 Date: 25/04/2021 00:51:10
*/

SET NAMES utf8mb4;
SET FOREIGN_KEY_CHECKS = 0;

-- ----------------------------
-- Table structure for game
-- ----------------------------
DROP TABLE IF EXISTS `game`;
CREATE TABLE `game`  (
  `id` int(11) NOT NULL AUTO_INCREMENT,
  `match_id` int(11) NOT NULL,
  `map` int(11) NOT NULL,
  `team1_score` int(11) NOT NULL,
  `team2_score` int(11) NOT NULL,
  PRIMARY KEY (`id`) USING BTREE,
  INDEX `match`(`match_id`) USING BTREE,
  INDEX `map`(`map`) USING BTREE,
  CONSTRAINT `map` FOREIGN KEY (`map`) REFERENCES `mappool` (`id`) ON DELETE RESTRICT ON UPDATE RESTRICT,
  CONSTRAINT `match` FOREIGN KEY (`match_id`) REFERENCES `match` (`id`) ON DELETE RESTRICT ON UPDATE RESTRICT
) ENGINE = InnoDB AUTO_INCREMENT = 1 CHARACTER SET = utf8 COLLATE = utf8_general_ci ROW_FORMAT = DYNAMIC;

-- ----------------------------
-- Records of game
-- ----------------------------

-- ----------------------------
-- Table structure for group
-- ----------------------------
DROP TABLE IF EXISTS `group`;
CREATE TABLE `group`  (
  `id` int(11) NOT NULL AUTO_INCREMENT COMMENT '群組 ID',
  `name` varchar(50) CHARACTER SET utf8 COLLATE utf8_general_ci NULL DEFAULT NULL COMMENT '群組名稱 (英)',
  `ch_name` varchar(50) CHARACTER SET utf8 COLLATE utf8_general_ci NULL DEFAULT NULL COMMENT '群組名稱 (中)',
  PRIMARY KEY (`id`) USING BTREE
) ENGINE = InnoDB AUTO_INCREMENT = 11 CHARACTER SET = utf8 COLLATE = utf8_general_ci COMMENT = '群組' ROW_FORMAT = DYNAMIC;

-- ----------------------------
-- Records of group
-- ----------------------------
INSERT INTO `group` VALUES (1, 'Host', '主辦');
INSERT INTO `group` VALUES (2, 'Admin', '管理員');
INSERT INTO `group` VALUES (3, 'Referee', '裁判');
INSERT INTO `group` VALUES (4, 'Commentator', '賽評');
INSERT INTO `group` VALUES (5, 'Steamer', '直播');
INSERT INTO `group` VALUES (6, 'Mappooler', '圖池');
INSERT INTO `group` VALUES (7, 'GFX', '美術');
INSERT INTO `group` VALUES (8, 'Tester', '測試員');
INSERT INTO `group` VALUES (9, 'Tech', '技術員');
INSERT INTO `group` VALUES (10, 'Staff', '工作人員');

-- ----------------------------
-- Table structure for map_group
-- ----------------------------
DROP TABLE IF EXISTS `map_group`;
CREATE TABLE `map_group`  (
  `name` char(10) CHARACTER SET utf8 COLLATE utf8_general_ci NOT NULL,
  `hex_color` char(8) CHARACTER SET utf8 COLLATE utf8_general_ci NULL DEFAULT NULL,
  `badge_color` char(50) CHARACTER SET utf8 COLLATE utf8_general_ci NULL DEFAULT NULL,
  `enabled_mods` int(11) NULL DEFAULT 0,
  `freemod` tinyint(1) NULL DEFAULT 0,
  `sort` int(11) NULL DEFAULT NULL,
  PRIMARY KEY (`name`) USING BTREE
) ENGINE = InnoDB CHARACTER SET = utf8 COLLATE = utf8_general_ci COMMENT = '圖譜的分類' ROW_FORMAT = DYNAMIC;

-- ----------------------------
-- Records of map_group
-- ----------------------------
INSERT INTO `map_group` VALUES ('DT', 'C9DAF8', 'purple', 65, 0, 5);
INSERT INTO `map_group` VALUES ('EZ', 'AEEDC9', 'green', 3, 0, 6);
INSERT INTO `map_group` VALUES ('FL', '828282', 'dark', 1025, 0, 7);
INSERT INTO `map_group` VALUES ('FM', 'D9D2E9', 'azure', 0, 1, 1);
INSERT INTO `map_group` VALUES ('HD', 'FFF2CC', 'yellow', 9, 0, 2);
INSERT INTO `map_group` VALUES ('HR', 'F4CCCC', 'red', 17, 0, 3);
INSERT INTO `map_group` VALUES ('NM', 'FFFFFF', 'muted', 1, 0, 4);
INSERT INTO `map_group` VALUES ('Roll', 'E8AEED', 'dark-lt', 0, 1, 8);
INSERT INTO `map_group` VALUES ('TB', 'D9EAD3', 'lime', 0, 1, 9);

-- ----------------------------
-- Table structure for mappool
-- ----------------------------
DROP TABLE IF EXISTS `mappool`;
CREATE TABLE `mappool`  (
  `id` int(11) NOT NULL AUTO_INCREMENT COMMENT 'ID',
  `round_id` int(11) NOT NULL COMMENT '階段 ID',
  `beatmap_id` int(11) NOT NULL COMMENT '圖譜 ID',
  `code` varchar(6) CHARACTER SET utf8 COLLATE utf8_general_ci NULL DEFAULT NULL COMMENT '圖譜代碼',
  `mods` varchar(50) CHARACTER SET utf8 COLLATE utf8_general_ci NULL DEFAULT NULL COMMENT '使用Mod(s)',
  `info` json NULL COMMENT '圖譜資訊',
  `note` varchar(50) CHARACTER SET utf8 COLLATE utf8_general_ci NULL DEFAULT '' COMMENT '備註',
  `nominator` int(11) NULL DEFAULT NULL COMMENT '提名人',
  `add_date` datetime NOT NULL DEFAULT CURRENT_TIMESTAMP,
  PRIMARY KEY (`id`) USING BTREE,
  INDEX `round_id`(`round_id`) USING BTREE,
  INDEX `Nominator`(`nominator`) USING BTREE,
  CONSTRAINT `round_id` FOREIGN KEY (`round_id`) REFERENCES `round` (`id`) ON DELETE CASCADE ON UPDATE RESTRICT
) ENGINE = InnoDB AUTO_INCREMENT = 62 CHARACTER SET = utf8 COLLATE = utf8_general_ci COMMENT = '圖池' ROW_FORMAT = DYNAMIC;

-- ----------------------------
-- Records of mappool
-- ----------------------------
INSERT INTO `mappool` VALUES (1, 1, 2073859, '1', 'HD', '{\"bpm\": 124, \"mode\": 0, \"tags\": \"lu^3 mapping cup 2019 lmc 2019\", \"packs\": null, \"title\": \"Libella Swing\", \"video\": 0, \"artist\": \"Parov Stelar\", \"rating\": 0, \"source\": \"\", \"creator\": \"Taeyang\", \"version\": \"Extra\", \"approved\": -2, \"diff_aim\": 2.73824, \"file_md5\": \"00de90eb826403d3fb31dcfb9635a39c\", \"genre_id\": 1, \"diff_size\": 3.5, \"max_combo\": 1547, \"passcount\": 9, \"playcount\": 65, \"beatmap_id\": 2073859, \"creator_id\": 2732340, \"diff_drain\": 5.2, \"diff_speed\": 2.48492, \"hit_length\": 206, \"storyboard\": 0, \"language_id\": 1, \"last_update\": \"2019-06-22 13:42:24\", \"submit_date\": \"2019-06-22 13:41:51\", \"count_normal\": 384, \"count_slider\": 521, \"diff_overall\": 8.2, \"total_length\": 206, \"approved_date\": null, \"beatmapset_id\": 991657, \"count_spinner\": 0, \"diff_approach\": 9.5, \"title_unicode\": \"Libella Swing\", \"artist_unicode\": \"Parov Stelar\", \"favourite_count\": 4, \"difficultyrating\": 5.34982, \"audio_unavailable\": 0, \"download_unavailable\": 0}', '', 1, '2021-01-24 04:26:23');
INSERT INTO `mappool` VALUES (2, 1, 1501410, '2', 'FL', '{\"bpm\": 175, \"mode\": 0, \"tags\": \"reya nokris [_sharuresu_] corinn yf_bmp toybot lowcombofc lcfc djulus akitoshi ponoyoshi pono reality distortion c91 s2tb recording cametek kamelcamellia dubstep drumstep dnb drumnbass collab sharu bonus track\", \"packs\": \"S629\", \"title\": \"Railgun Roulette (VIP)\", \"video\": 0, \"artist\": \"Camellia vs Akira Complex\", \"rating\": 9.26117, \"source\": \"\", \"creator\": \"NeilPerry\", \"version\": \"LowBot\'s Insane\", \"approved\": 1, \"diff_aim\": 2.65866, \"file_md5\": \"2a39059184a3c56180bb2e260addc33e\", \"genre_id\": 10, \"diff_size\": 4, \"max_combo\": 1661, \"passcount\": 21447, \"playcount\": 105966, \"beatmap_id\": 1501410, \"creator_id\": 841391, \"diff_drain\": 5, \"diff_speed\": 2.34909, \"hit_length\": 220, \"storyboard\": 1, \"language_id\": 5, \"last_update\": \"2018-03-14 04:43:56\", \"submit_date\": \"2017-11-15 13:29:57\", \"count_normal\": 478, \"count_slider\": 487, \"diff_overall\": 8, \"total_length\": 220, \"approved_date\": \"2018-03-22 16:40:31\", \"beatmapset_id\": 694402, \"count_spinner\": 0, \"diff_approach\": 9.2, \"title_unicode\": \"Railgun Roulette (VIP)\", \"artist_unicode\": \"かめりあ vs Akira Complex\", \"favourite_count\": 468, \"difficultyrating\": 5.16253, \"audio_unavailable\": 0, \"download_unavailable\": 0}', '', 1, '2021-01-24 04:26:23');
INSERT INTO `mappool` VALUES (3, 1, 1061200, '3', 'FM', '{\"bpm\": 152, \"mode\": 0, \"tags\": \"tantei opera milky holmes dai 2 maku ending ed remix eurobeat cobalt green\", \"packs\": \"S775\", \"title\": \"Lovely Girls Anthem -EuroBeatRemix-\", \"video\": 0, \"artist\": \"Aso Natsuko\", \"rating\": 9.25446, \"source\": \"探偵オペラ ミルキィホームズ 第2幕\", \"creator\": \"Aeril\", \"version\": \"Extra\", \"approved\": 1, \"diff_aim\": 2.65866, \"file_md5\": \"47bc0060418e745470fed9156c52401a\", \"genre_id\": 3, \"diff_size\": 4.2, \"max_combo\": 1503, \"passcount\": 3159, \"playcount\": 35856, \"beatmap_id\": 1061200, \"creator_id\": 4334976, \"diff_drain\": 6.5, \"diff_speed\": 2.62426, \"hit_length\": 216, \"storyboard\": 0, \"language_id\": 3, \"last_update\": \"2019-05-21 19:34:43\", \"submit_date\": \"2016-08-20 21:43:13\", \"count_normal\": 654, \"count_slider\": 411, \"diff_overall\": 9, \"total_length\": 247, \"approved_date\": \"2019-05-22 19:40:02\", \"beatmapset_id\": 498505, \"count_spinner\": 6, \"diff_approach\": 9.1, \"title_unicode\": \"Lovely Girls Anthem -EuroBeatRemix-\", \"artist_unicode\": \"麻生夏子\", \"favourite_count\": 102, \"difficultyrating\": 5.30012, \"audio_unavailable\": 0, \"download_unavailable\": 0}', '', 1, '2021-01-24 04:26:23');
INSERT INTO `mappool` VALUES (4, 1, 1551262, '4', 'FM', '{\"bpm\": 112, \"mode\": 0, \"tags\": \"claris presents welcome new galaxy groove \\t俺の妹がこんなに可愛いわけがない ore no imouto ga konna ni kawaii wake ga nai oreimo kokoro no inryoku ココロの引力\", \"packs\": \"S765\", \"title\": \"anime no mizo 420\", \"video\": 0, \"artist\": \"android52\", \"rating\": 8.77181, \"source\": \"\", \"creator\": \"pishifat\", \"version\": \"Extra\", \"approved\": 1, \"diff_aim\": 2.30694, \"file_md5\": \"735f97f8885a3f1d76c8cfd15ea57960\", \"genre_id\": 10, \"diff_size\": 2, \"max_combo\": 519, \"passcount\": 1197, \"playcount\": 25245, \"beatmap_id\": 1551262, \"creator_id\": 3178418, \"diff_drain\": 6, \"diff_speed\": 1.73216, \"hit_length\": 123, \"storyboard\": 0, \"language_id\": 3, \"last_update\": \"2019-03-02 07:23:07\", \"submit_date\": \"2018-02-14 07:33:35\", \"count_normal\": 187, \"count_slider\": 152, \"diff_overall\": 7, \"total_length\": 138, \"approved_date\": \"2019-04-26 16:20:09\", \"beatmapset_id\": 734780, \"count_spinner\": 3, \"diff_approach\": 7, \"title_unicode\": \"アニメの溝420\", \"artist_unicode\": \"android52\", \"favourite_count\": 56, \"difficultyrating\": 4.32649, \"audio_unavailable\": 0, \"download_unavailable\": 0}', '', 1, '2021-01-24 04:26:23');
INSERT INTO `mappool` VALUES (5, 1, 1739583, '5', 'FM', '{\"bpm\": 140, \"mode\": 0, \"tags\": \"chinese anime aotu world 七创社 7doc 杨秉音 樱谙 asuka_- angelsnow present ayyri eiri-\", \"packs\": \"S757\", \"title\": \"Zi You Sheng Guang\", \"video\": 0, \"artist\": \"Wang Yi Tao\", \"rating\": 8.26316, \"source\": \"凹凸世界\", \"creator\": \"Ryuusei Aika\", \"version\": \"Zero Vector\", \"approved\": 1, \"diff_aim\": 2.51891, \"file_md5\": \"00010f0eb02ee131aacac54bf72d5444\", \"genre_id\": 3, \"diff_size\": 5, \"max_combo\": 939, \"passcount\": 3474, \"playcount\": 30384, \"beatmap_id\": 1739583, \"creator_id\": 7777875, \"diff_drain\": 5, \"diff_speed\": 2.44353, \"hit_length\": 215, \"storyboard\": 0, \"language_id\": 4, \"last_update\": \"2019-03-26 15:42:07\", \"submit_date\": \"2018-08-11 11:49:32\", \"count_normal\": 939, \"count_slider\": 0, \"diff_overall\": 8, \"total_length\": 221, \"approved_date\": \"2019-04-02 17:20:03\", \"beatmapset_id\": 830266, \"count_spinner\": 0, \"diff_approach\": 8, \"title_unicode\": \"自由圣光\", \"artist_unicode\": \"王艺陶\", \"favourite_count\": 61, \"difficultyrating\": 5.00013, \"audio_unavailable\": 0, \"download_unavailable\": 0}', '', 1, '2021-01-24 04:26:23');
INSERT INTO `mappool` VALUES (6, 1, 2267539, '1', 'HD', '{\"bpm\": 191, \"mode\": 0, \"tags\": \"fixxis amity impurepug -xenon xen xehn agatsu divine gate anime japanese rock j-rock wowaka shinoda シノダ igarashi イガラシ yumao ゆーまお kowari\", \"packs\": \"S866\", \"title\": \"One Me Two Hearts\", \"video\": 0, \"artist\": \"hitorie\", \"rating\": 9.34389, \"source\": \"ディバインゲート\", \"creator\": \"Black Man\", \"version\": \"Expert\", \"approved\": 1, \"diff_aim\": 2.74297, \"file_md5\": \"487a64c16daf589ded1b6d0b697bc87b\", \"genre_id\": 3, \"diff_size\": 4, \"max_combo\": 1296, \"passcount\": 3627, \"playcount\": 48366, \"beatmap_id\": 2267539, \"creator_id\": 4673089, \"diff_drain\": 6.5, \"diff_speed\": 2.65495, \"hit_length\": 199, \"storyboard\": 0, \"language_id\": 3, \"last_update\": \"2020-02-15 04:21:14\", \"submit_date\": \"2019-12-26 18:18:08\", \"count_normal\": 667, \"count_slider\": 298, \"diff_overall\": 8.5, \"total_length\": 200, \"approved_date\": \"2020-02-22 07:27:18\", \"beatmapset_id\": 1084284, \"count_spinner\": 0, \"diff_approach\": 9.2, \"title_unicode\": \"ワンミーツハー\", \"artist_unicode\": \"ヒトリエ\", \"favourite_count\": 147, \"difficultyrating\": 5.44193, \"audio_unavailable\": 0, \"download_unavailable\": 0}', '', 1, '2021-01-24 04:26:23');
INSERT INTO `mappool` VALUES (7, 1, 50354, '2', 'HD', '{\"bpm\": 175, \"mode\": 0, \"tags\": \"sikieiki siki eiki shiki kaeidzuka phantasmagoria of flower view\", \"packs\": \"R26,S109\", \"title\": \"Danzai Yamaxanadu\", \"video\": 0, \"artist\": \"IOSYS\", \"rating\": 9.45522, \"source\": \"Touhou\", \"creator\": \"Zekira\", \"version\": \"Eternal Damnation\", \"approved\": 2, \"diff_aim\": 2.35852, \"file_md5\": \"3bf8f09b2255710a7638618949abb1c5\", \"genre_id\": 2, \"diff_size\": 5, \"max_combo\": 1000, \"passcount\": 84839, \"playcount\": 719577, \"beatmap_id\": 50354, \"creator_id\": 36749, \"diff_drain\": 5, \"diff_speed\": 2.69785, \"hit_length\": 200, \"storyboard\": 1, \"language_id\": 3, \"last_update\": \"2010-05-05 02:42:54\", \"submit_date\": \"2010-03-05 13:35:21\", \"count_normal\": 693, \"count_slider\": 104, \"diff_overall\": 8, \"total_length\": 220, \"approved_date\": \"2010-05-05 03:22:51\", \"beatmapset_id\": 13654, \"count_spinner\": 4, \"diff_approach\": 8, \"title_unicode\": null, \"artist_unicode\": null, \"favourite_count\": 1042, \"difficultyrating\": 5.22603, \"audio_unavailable\": 0, \"download_unavailable\": 0}', '', 1, '2021-01-24 04:26:23');
INSERT INTO `mappool` VALUES (8, 1, 1483764, '1', 'HR', '{\"bpm\": 172, \"mode\": 0, \"tags\": \"cxu arbane dnb drumstep cametek kamelcamellia invaidas from da jungle the invaders entrance featured artist\", \"packs\": \"A73,S621\", \"title\": \"Introduction - ENTRANS OF DA JUNGLE\", \"video\": 0, \"artist\": \"Camellia\", \"rating\": 9.30189, \"source\": \"\", \"creator\": \"-PC\", \"version\": \"Arbane\'s Insane\", \"approved\": 1, \"diff_aim\": 2.51101, \"file_md5\": \"604dfa5f47df6b764bc21f5f45dae203\", \"genre_id\": 10, \"diff_size\": 4, \"max_combo\": 747, \"passcount\": 16011, \"playcount\": 99387, \"beatmap_id\": 1483764, \"creator_id\": 2916414, \"diff_drain\": 6, \"diff_speed\": 2.42659, \"hit_length\": 107, \"storyboard\": 0, \"language_id\": 2, \"last_update\": \"2018-02-24 19:02:09\", \"submit_date\": \"2017-12-02 11:58:59\", \"count_normal\": 285, \"count_slider\": 209, \"diff_overall\": 8, \"total_length\": 153, \"approved_date\": \"2018-03-04 13:20:13\", \"beatmapset_id\": 700968, \"count_spinner\": 0, \"diff_approach\": 9, \"title_unicode\": \"Introduction - ENTRANS OF DA JUNGLE\", \"artist_unicode\": \"かめりあ\", \"favourite_count\": 155, \"difficultyrating\": 4.97982, \"audio_unavailable\": 0, \"download_unavailable\": 0}', '', 1, '2021-01-24 04:26:23');
INSERT INTO `mappool` VALUES (9, 1, 1808752, '1', 'EZ', '{\"bpm\": 100, \"mode\": 0, \"tags\": \"mosaik\", \"packs\": null, \"title\": \"Idiologie\", \"video\": 0, \"artist\": \"Siriusmo\", \"rating\": 0, \"source\": \"\", \"creator\": \"Gens\", \"version\": \"Insane\", \"approved\": -2, \"diff_aim\": 2.75384, \"file_md5\": \"042787e9cca66bffb7b661a214d4403a\", \"genre_id\": 1, \"diff_size\": 4.5, \"max_combo\": 900, \"passcount\": 2, \"playcount\": 45, \"beatmap_id\": 1808752, \"creator_id\": 23062, \"diff_drain\": 7, \"diff_speed\": 2.30886, \"hit_length\": 159, \"storyboard\": 0, \"language_id\": 1, \"last_update\": \"2019-05-04 22:32:12\", \"submit_date\": \"2018-10-17 12:45:26\", \"count_normal\": 126, \"count_slider\": 329, \"diff_overall\": 7, \"total_length\": 159, \"approved_date\": null, \"beatmapset_id\": 864954, \"count_spinner\": 4, \"diff_approach\": 8.5, \"title_unicode\": \"Idiologie\", \"artist_unicode\": \"Siriusmo\", \"favourite_count\": 0, \"difficultyrating\": 5.28519, \"audio_unavailable\": 0, \"download_unavailable\": 0}', '', 1, '2021-01-24 04:26:23');
INSERT INTO `mappool` VALUES (10, 1, 28422, '1', 'NM', '{\"bpm\": 165, \"mode\": 0, \"tags\": \"Bemani Naoki Tatsh Red Zone Doomsday93\", \"packs\": \"S55\", \"title\": \"Red Zone\", \"video\": 0, \"artist\": \"Naoki & Tatsh\", \"rating\": 9.26306, \"source\": \"\", \"creator\": \"HenkieBP\", \"version\": \"Extra\", \"approved\": 1, \"diff_aim\": 2.13431, \"file_md5\": \"759cd0704905fc029cbf104f94a137a7\", \"genre_id\": 2, \"diff_size\": 4, \"max_combo\": 656, \"passcount\": 73878, \"playcount\": 461357, \"beatmap_id\": 28422, \"creator_id\": 16944, \"diff_drain\": 8, \"diff_speed\": 2.57444, \"hit_length\": 94, \"storyboard\": 1, \"language_id\": 5, \"last_update\": \"2009-07-17 08:11:58\", \"submit_date\": \"2009-03-10 14:41:45\", \"count_normal\": 500, \"count_slider\": 45, \"diff_overall\": 7, \"total_length\": 104, \"approved_date\": \"2009-07-17 15:28:18\", \"beatmapset_id\": 5731, \"count_spinner\": 4, \"diff_approach\": 7, \"title_unicode\": null, \"artist_unicode\": null, \"favourite_count\": 316, \"difficultyrating\": 4.92882, \"audio_unavailable\": 0, \"download_unavailable\": 0}', '', 1, '2021-01-24 04:26:23');
INSERT INTO `mappool` VALUES (11, 1, 1312686, '2', 'NM', '{\"bpm\": 112, \"mode\": 0, \"tags\": \"pokemon koiking no uta\", \"packs\": null, \"title\": \"The Magikarp Song\", \"video\": 0, \"artist\": \"KoikinGO\", \"rating\": 0, \"source\": \"\", \"creator\": \"tasuke912\", \"version\": \"maziari\'s Drawing Song\", \"approved\": -2, \"diff_aim\": 0.973311, \"file_md5\": \"3907dfc59d4c28aca7b773d5d4e6fd01\", \"genre_id\": 1, \"diff_size\": 10, \"max_combo\": 281, \"passcount\": 296, \"playcount\": 302, \"beatmap_id\": 1312686, \"creator_id\": 2774767, \"diff_drain\": 2, \"diff_speed\": 0.754087, \"hit_length\": 40, \"storyboard\": 0, \"language_id\": 1, \"last_update\": \"2017-08-12 16:47:19\", \"submit_date\": \"2017-06-02 15:46:19\", \"count_normal\": 7, \"count_slider\": 2, \"diff_overall\": 5, \"total_length\": 48, \"approved_date\": null, \"beatmapset_id\": 621359, \"count_spinner\": 0, \"diff_approach\": 5, \"title_unicode\": \"コイキングのうた「I LOVE コイキング」\", \"artist_unicode\": \"コイキンGO\", \"favourite_count\": 37, \"difficultyrating\": 1.83701, \"audio_unavailable\": 0, \"download_unavailable\": 0}', '', 1, '2021-01-24 04:26:23');
INSERT INTO `mappool` VALUES (12, 1, 2139992, '1', 'FM', '{\"bpm\": 110, \"mode\": 0, \"tags\": \"きくお 花たん hanatan yurica 第一幕 daiichimaku marathon deviouspanda\", \"packs\": \"S839\", \"title\": \"Nobore! Susume! Takai Tou\", \"video\": 0, \"artist\": \"KikuoHana\", \"rating\": 9.06211, \"source\": \"\", \"creator\": \"Atalanta\", \"version\": \"Collapsed\", \"approved\": 1, \"diff_aim\": 2.72123, \"file_md5\": \"a9a8ff395247ba5e4241c95e0d5021d6\", \"genre_id\": 6, \"diff_size\": 3.5, \"max_combo\": 2164, \"passcount\": 5850, \"playcount\": 58725, \"beatmap_id\": 2139992, \"creator_id\": 7543834, \"diff_drain\": 5, \"diff_speed\": 2.72245, \"hit_length\": 301, \"storyboard\": 0, \"language_id\": 3, \"last_update\": \"2019-11-11 20:13:36\", \"submit_date\": \"2019-08-18 13:48:45\", \"count_normal\": 930, \"count_slider\": 540, \"diff_overall\": 9, \"total_length\": 310, \"approved_date\": \"2019-11-20 19:42:08\", \"beatmapset_id\": 1022990, \"count_spinner\": 0, \"diff_approach\": 9.4, \"title_unicode\": \"のぼれ! すすめ! 高い塔\", \"artist_unicode\": \"きくおはな (きくおと花たん)\", \"favourite_count\": 54, \"difficultyrating\": 5.4443, \"audio_unavailable\": 0, \"download_unavailable\": 0}', '', 1, '2021-01-24 04:26:23');
INSERT INTO `mappool` VALUES (13, 2, 1633532, '1', 'FM', '{\"bpm\": 172, \"mode\": 0, \"tags\": \"m3-41 japanese future bass complextro hardcore future core dubstep drumstep vocal lapix fugene 2 fügene megarex mrx-016\", \"packs\": \"S727\", \"title\": \"Hype feat. Such\", \"video\": 0, \"artist\": \"PSYQUI\", \"rating\": 9.63864, \"source\": \"\", \"creator\": \"NyarkoO\", \"version\": \"Dreamer\", \"approved\": 1, \"diff_aim\": 2.79343, \"file_md5\": \"26910c3b7ae8d0cbdabbcfa85c1cf391\", \"genre_id\": 10, \"diff_size\": 3.8, \"max_combo\": 2001, \"passcount\": 25596, \"playcount\": 285174, \"beatmap_id\": 1633532, \"creator_id\": 6622567, \"diff_drain\": 5.6, \"diff_speed\": 2.67546, \"hit_length\": 300, \"storyboard\": 0, \"language_id\": 3, \"last_update\": \"2019-01-06 02:51:33\", \"submit_date\": \"2018-05-07 21:35:24\", \"count_normal\": 587, \"count_slider\": 629, \"diff_overall\": 8.5, \"total_length\": 301, \"approved_date\": \"2019-01-13 11:00:11\", \"beatmapset_id\": 777596, \"count_spinner\": 3, \"diff_approach\": 9.6, \"title_unicode\": \"Hype feat. Such\", \"artist_unicode\": \"PSYQUI\", \"favourite_count\": 433, \"difficultyrating\": 5.52787, \"audio_unavailable\": 0, \"download_unavailable\": 0}', '', 1, '2021-01-24 04:26:23');
INSERT INTO `mappool` VALUES (14, 2, 2089413, '2', 'FM', '{\"bpm\": 128, \"mode\": 0, \"tags\": \"striderin japanese anime opening weird wasteful days of high school girls 赤﨑千夏 戸松遥 豊崎愛生 akasaki chinatsu tomatsu haruka toyosaki aki amity xehn nextplay xenon-\", \"packs\": null, \"title\": \"Wa! Moon! dass! cry! (TV Size)\", \"video\": 1, \"artist\": \"Tanaka Nozomu, Kikuchi Akane, Saginomiya Shiori\", \"rating\": 0, \"source\": \"女子高生の無駄づかい\", \"creator\": \"Yukiyo\", \"version\": \"ok\", \"approved\": -2, \"diff_aim\": 2.58298, \"file_md5\": \"ff00bbc6ac513cafcc7557122f39bc46\", \"genre_id\": 1, \"diff_size\": 5, \"max_combo\": 525, \"passcount\": 204, \"playcount\": 753, \"beatmap_id\": 2089413, \"creator_id\": 4541873, \"diff_drain\": 7, \"diff_speed\": 2.5485, \"hit_length\": 89, \"storyboard\": 0, \"language_id\": 1, \"last_update\": \"2019-10-12 08:39:11\", \"submit_date\": \"2019-07-06 21:08:18\", \"count_normal\": 267, \"count_slider\": 128, \"diff_overall\": 8.3, \"total_length\": 89, \"approved_date\": null, \"beatmapset_id\": 999023, \"count_spinner\": 0, \"diff_approach\": 8.6, \"title_unicode\": \"輪！Moon！dass！cry！(TV Size)\", \"artist_unicode\": \"田中 望、菊池 茜、鷺宮しおり\", \"favourite_count\": 41, \"difficultyrating\": 5.14872, \"audio_unavailable\": 0, \"download_unavailable\": 0}', '', 1, '2021-01-24 04:26:23');
INSERT INTO `mappool` VALUES (15, 2, 2123415, '3', 'FM', '{\"bpm\": 140, \"mode\": 0, \"tags\": \"touhou imperishable night eiyashou tsukimisou featured artist fa mappers\' guild defiance osuskrub quanhitter39 mentai aeril\", \"packs\": \"A51,S811\", \"title\": \"Eientewi set 15 ~ Evening Primrose\", \"video\": 0, \"artist\": \"Rin\", \"rating\": 8.97183, \"source\": \"東方永夜抄　～ Imperishable Night.\", \"creator\": \"yaspo\", \"version\": \"In the shade\", \"approved\": 1, \"diff_aim\": 2.85942, \"file_md5\": \"0ccb7cacdb8aa9716cad8bf1930fd5fe\", \"genre_id\": 2, \"diff_size\": 4, \"max_combo\": 855, \"passcount\": 2772, \"playcount\": 16785, \"beatmap_id\": 2123415, \"creator_id\": 4945926, \"diff_drain\": 5, \"diff_speed\": 2.49094, \"hit_length\": 144, \"storyboard\": 0, \"language_id\": 5, \"last_update\": \"2019-08-23 02:20:05\", \"submit_date\": \"2019-08-04 22:27:45\", \"count_normal\": 371, \"count_slider\": 237, \"diff_overall\": 9, \"total_length\": 145, \"approved_date\": \"2019-08-30 01:40:02\", \"beatmapset_id\": 1014593, \"count_spinner\": 0, \"diff_approach\": 9.3, \"title_unicode\": \"Eientewi set 15 〜 月見草\", \"artist_unicode\": \"凛\", \"favourite_count\": 37, \"difficultyrating\": 5.5346, \"audio_unavailable\": 0, \"download_unavailable\": 0}', '', 1, '2021-01-24 04:26:23');
INSERT INTO `mappool` VALUES (16, 2, 1468581, '4', 'FM', '{\"bpm\": 175, \"mode\": 0, \"tags\": \"future bass yuc eijikuinbii kjlfaklf loreley reform kujinn yaspo\", \"packs\": \"S691\", \"title\": \"Magical Mixer\", \"video\": 0, \"artist\": \"YUC\'e\", \"rating\": 9.56864, \"source\": \"\", \"creator\": \"Anishina Kodoku\", \"version\": \"Eiji\'s Extra\", \"approved\": 1, \"diff_aim\": 2.84583, \"file_md5\": \"b2d21755a86c15997f17bdd34ffcf406\", \"genre_id\": 10, \"diff_size\": 4, \"max_combo\": 1411, \"passcount\": 20988, \"playcount\": 198423, \"beatmap_id\": 1468581, \"creator_id\": 5223028, \"diff_drain\": 6, \"diff_speed\": 2.69666, \"hit_length\": 177, \"storyboard\": 0, \"language_id\": 5, \"last_update\": \"2018-09-27 19:16:06\", \"submit_date\": \"2017-10-11 19:41:41\", \"count_normal\": 596, \"count_slider\": 376, \"diff_overall\": 8, \"total_length\": 179, \"approved_date\": \"2018-10-05 09:01:04\", \"beatmapset_id\": 680338, \"count_spinner\": 1, \"diff_approach\": 9.4, \"title_unicode\": \"Magical Mixer\", \"artist_unicode\": \"YUC\'e\", \"favourite_count\": 1065, \"difficultyrating\": 5.61707, \"audio_unavailable\": 0, \"download_unavailable\": 0}', '', 1, '2021-01-24 04:26:23');
INSERT INTO `mappool` VALUES (17, 2, 2036650, '5', 'FM', '{\"bpm\": 165, \"mode\": 0, \"tags\": \"noffy electronic instrumental video game\", \"packs\": \"S778\", \"title\": \"Birdsong\", \"video\": 0, \"artist\": \"James Landino & Kabuki\", \"rating\": 8.3577, \"source\": \"\", \"creator\": \"Mao\", \"version\": \"Expert\", \"approved\": 1, \"diff_aim\": 2.63337, \"file_md5\": \"80f518dba42487631ddc65f9cf7fe349\", \"genre_id\": 10, \"diff_size\": 4, \"max_combo\": 795, \"passcount\": 9882, \"playcount\": 88641, \"beatmap_id\": 2036650, \"creator_id\": 2204515, \"diff_drain\": 6, \"diff_speed\": 2.71826, \"hit_length\": 128, \"storyboard\": 1, \"language_id\": 5, \"last_update\": \"2019-05-21 08:08:20\", \"submit_date\": \"2019-05-17 08:26:21\", \"count_normal\": 425, \"count_slider\": 160, \"diff_overall\": 8.2, \"total_length\": 129, \"approved_date\": \"2019-05-29 20:00:02\", \"beatmapset_id\": 972810, \"count_spinner\": 0, \"diff_approach\": 9.2, \"title_unicode\": \"Birdsong\", \"artist_unicode\": \"James Landino & Kabuki\", \"favourite_count\": 216, \"difficultyrating\": 5.39407, \"audio_unavailable\": 0, \"download_unavailable\": 0}', '', 1, '2021-01-24 04:26:23');
INSERT INTO `mappool` VALUES (18, 2, 1639261, '6', 'FM', '{\"bpm\": 128, \"mode\": 0, \"tags\": \"\", \"packs\": \"S664\", \"title\": \"night\", \"video\": 0, \"artist\": \"verzache\", \"rating\": 8.79108, \"source\": \"\", \"creator\": \"squirrelpascals\", \"version\": \"moon\", \"approved\": 1, \"diff_aim\": 2.80676, \"file_md5\": \"f0344ee62775fe6b79d019e299165793\", \"genre_id\": 10, \"diff_size\": 6, \"max_combo\": 550, \"passcount\": 7281, \"playcount\": 83898, \"beatmap_id\": 1639261, \"creator_id\": 6151332, \"diff_drain\": 6, \"diff_speed\": 2.07784, \"hit_length\": 117, \"storyboard\": 0, \"language_id\": 5, \"last_update\": \"2018-06-06 21:58:29\", \"submit_date\": \"2018-05-12 20:52:25\", \"count_normal\": 145, \"count_slider\": 184, \"diff_overall\": 8.8, \"total_length\": 119, \"approved_date\": \"2018-06-13 14:20:05\", \"beatmapset_id\": 780349, \"count_spinner\": 2, \"diff_approach\": 9.4, \"title_unicode\": \"night\", \"artist_unicode\": \"verzache\", \"favourite_count\": 198, \"difficultyrating\": 5.24906, \"audio_unavailable\": 0, \"download_unavailable\": 0}', '', 1, '2021-01-24 04:26:23');
INSERT INTO `mappool` VALUES (19, 2, 2048161, '1', 'NM', '{\"bpm\": 145, \"mode\": 0, \"tags\": \"record5-speed rhythm game featured artist fa mappers\' guild mg nao tomori naotoshi\", \"packs\": \"A72,S812\", \"title\": \"Amanojaku\", \"video\": 0, \"artist\": \"Cranky\", \"rating\": 9.00971, \"source\": \"osu!\", \"creator\": \"Mao\", \"version\": \"Expert\", \"approved\": 1, \"diff_aim\": 2.74791, \"file_md5\": \"1925cb5743535ff1eec647bf8f209f8f\", \"genre_id\": 10, \"diff_size\": 4, \"max_combo\": 1329, \"passcount\": 3006, \"playcount\": 27612, \"beatmap_id\": 2048161, \"creator_id\": 2204515, \"diff_drain\": 6, \"diff_speed\": 2.72516, \"hit_length\": 214, \"storyboard\": 0, \"language_id\": 5, \"last_update\": \"2019-08-25 18:08:57\", \"submit_date\": \"2019-05-28 14:06:08\", \"count_normal\": 823, \"count_slider\": 191, \"diff_overall\": 8.3, \"total_length\": 243, \"approved_date\": \"2019-09-02 22:20:02\", \"beatmapset_id\": 978694, \"count_spinner\": 1, \"diff_approach\": 9.3, \"title_unicode\": \"天ノ邪鬼\", \"artist_unicode\": \"Cranky\", \"favourite_count\": 83, \"difficultyrating\": 5.48445, \"audio_unavailable\": 0, \"download_unavailable\": 0}', '', 1, '2021-01-24 04:26:23');
INSERT INTO `mappool` VALUES (20, 2, 376703, '1', 'HR', '{\"bpm\": 165, \"mode\": 0, \"tags\": \"goldenwolf rlc natsu captin1 nakajima misaki himei\", \"packs\": \"S369\", \"title\": \"Piano Concerto No.1 \\\"Scream\\\"\", \"video\": 0, \"artist\": \"MiddleIsland\", \"rating\": 9.42857, \"source\": \"\", \"creator\": \"apaffy\", \"version\": \"woof\'s Extra\", \"approved\": 1, \"diff_aim\": 2.57057, \"file_md5\": \"cca2c07baee1af9ffd0348922cf546ab\", \"genre_id\": 12, \"diff_size\": 4, \"max_combo\": 801, \"passcount\": 40736, \"playcount\": 210984, \"beatmap_id\": 376703, \"creator_id\": 1929729, \"diff_drain\": 7, \"diff_speed\": 2.66311, \"hit_length\": 114, \"storyboard\": 0, \"language_id\": 5, \"last_update\": \"2014-08-13 01:31:47\", \"submit_date\": \"2013-08-09 20:22:27\", \"count_normal\": 581, \"count_slider\": 88, \"diff_overall\": 8, \"total_length\": 115, \"approved_date\": \"2014-08-20 01:42:15\", \"beatmapset_id\": 110126, \"count_spinner\": 2, \"diff_approach\": 9, \"title_unicode\": \"ピアノ協奏曲第1番\\\"悲鳴\\\"\", \"artist_unicode\": \"中島岬\", \"favourite_count\": 263, \"difficultyrating\": 5.27996, \"audio_unavailable\": 0, \"download_unavailable\": 0}', '', 1, '2021-01-24 04:26:23');
INSERT INTO `mappool` VALUES (21, 2, 2122926, '1', 'DT', '{\"bpm\": 93, \"mode\": 0, \"tags\": \"galapagos ガラパゴス taketori monogatari kaguya hime 月 japanese pop jpop alternative suiyoubi no\", \"packs\": \"S848\", \"title\": \"The Bamboo Princess\", \"video\": 0, \"artist\": \"Wednesday Campanella\", \"rating\": 9.225, \"source\": \"\", \"creator\": \"Striderin\", \"version\": \"Mukashi Banashi\", \"approved\": 1, \"diff_aim\": 2.01074, \"file_md5\": \"3b887c7900e6a2da4e2c1f1b85a0627e\", \"genre_id\": 5, \"diff_size\": 5.4, \"max_combo\": 780, \"passcount\": 1962, \"playcount\": 12411, \"beatmap_id\": 2122926, \"creator_id\": 10193902, \"diff_drain\": 6, \"diff_speed\": 1.93081, \"hit_length\": 226, \"storyboard\": 1, \"language_id\": 3, \"last_update\": \"2019-12-13 21:44:52\", \"submit_date\": \"2019-08-04 13:32:15\", \"count_normal\": 449, \"count_slider\": 157, \"diff_overall\": 7, \"total_length\": 236, \"approved_date\": \"2019-12-21 23:03:26\", \"beatmapset_id\": 1014364, \"count_spinner\": 1, \"diff_approach\": 8.5, \"title_unicode\": \"かぐや姫\", \"artist_unicode\": \"水曜日のカンパネラ\", \"favourite_count\": 56, \"difficultyrating\": 3.98152, \"audio_unavailable\": 0, \"download_unavailable\": 0}', '', 1, '2021-01-24 04:26:23');
INSERT INTO `mappool` VALUES (22, 2, 2275701, '1', 'HD', '{\"bpm\": 170, \"mode\": 0, \"tags\": \"necho cubbby electronic memme byakuya pappl_e_104 papple104 pata-mon shota_on_osu reincarnation video rhythm_game instrumental -nanako-\", \"packs\": null, \"title\": \"Cherry Blossom\", \"video\": 0, \"artist\": \"Memme\", \"rating\": 0, \"source\": \"Music & Beat (O2Jam)\", \"creator\": \"Quantum Rosta\", \"version\": \"Cub\'s Ultra\", \"approved\": -2, \"diff_aim\": 2.74655, \"file_md5\": \"21ea525f2bc4e1f02e125d179b0bdf8a\", \"genre_id\": 10, \"diff_size\": 4.7, \"max_combo\": 1055, \"passcount\": 6, \"playcount\": 32, \"beatmap_id\": 2275701, \"creator_id\": 4814169, \"diff_drain\": 7, \"diff_speed\": 2.7367, \"hit_length\": 132, \"storyboard\": 0, \"language_id\": 1, \"last_update\": \"2020-04-18 14:07:09\", \"submit_date\": \"2019-06-19 04:24:50\", \"count_normal\": 587, \"count_slider\": 219, \"diff_overall\": 8, \"total_length\": 134, \"approved_date\": null, \"beatmapset_id\": 989763, \"count_spinner\": 0, \"diff_approach\": 9.3, \"title_unicode\": \"Cherry Blossom\", \"artist_unicode\": \"Memme\", \"favourite_count\": 7, \"difficultyrating\": 5.48818, \"audio_unavailable\": 0, \"download_unavailable\": 0}', '', 1, '2021-01-24 04:26:23');
INSERT INTO `mappool` VALUES (23, 2, 1582621, '2', 'HD', '{\"bpm\": 110, \"mode\": 0, \"tags\": \"fa featured artist kibbleru gero mappers\' guild feline groove bubbles crankyとpico hiroshi watanabe\", \"packs\": \"A38,S651\", \"title\": \"Chandelier - King\", \"video\": 0, \"artist\": \"Cranky\", \"rating\": 8.47821, \"source\": \"osu!\", \"creator\": \"Mao\", \"version\": \"Royal\", \"approved\": 1, \"diff_aim\": 2.75762, \"file_md5\": \"5b35428f4b7023efb7683846576d4c03\", \"genre_id\": 10, \"diff_size\": 4.2, \"max_combo\": 1756, \"passcount\": 24804, \"playcount\": 409698, \"beatmap_id\": 1582621, \"creator_id\": 2204515, \"diff_drain\": 6.2, \"diff_speed\": 2.61746, \"hit_length\": 227, \"storyboard\": 0, \"language_id\": 5, \"last_update\": \"2018-05-09 23:05:49\", \"submit_date\": \"2018-03-20 20:31:09\", \"count_normal\": 813, \"count_slider\": 365, \"diff_overall\": 8.2, \"total_length\": 239, \"approved_date\": \"2018-05-12 07:00:10\", \"beatmapset_id\": 751785, \"count_spinner\": 3, \"diff_approach\": 9.2, \"title_unicode\": \"Chandelier - King\", \"artist_unicode\": \"Cranky\", \"favourite_count\": 1991, \"difficultyrating\": 5.44516, \"audio_unavailable\": 0, \"download_unavailable\": 0}', '', 1, '2021-01-24 04:26:23');
INSERT INTO `mappool` VALUES (24, 2, 49866, '1', 'EZ', '{\"bpm\": 190, \"mode\": 0, \"tags\": \"undefined fantastic object arm touhou ageha momiji yamamoto shinxyn Murasa Minamitsu\", \"packs\": \"S96\", \"title\": \"Captain Murasa\'s Ass Anchor\", \"video\": 1, \"artist\": \"IOSYS\", \"rating\": 9.17279, \"source\": \"Touhou\", \"creator\": \"Mafiamaster\", \"version\": \"Ketsu Ankaa\", \"approved\": 1, \"diff_aim\": 2.31372, \"file_md5\": \"65f45b7a2da4adba5b47cf432e0f42a5\", \"genre_id\": 2, \"diff_size\": 5, \"max_combo\": 562, \"passcount\": 13556, \"playcount\": 116860, \"beatmap_id\": 49866, \"creator_id\": 17695, \"diff_drain\": 8, \"diff_speed\": 2.68745, \"hit_length\": 76, \"storyboard\": 1, \"language_id\": 3, \"last_update\": \"2010-03-01 20:23:59\", \"submit_date\": \"2010-02-25 21:36:33\", \"count_normal\": 313, \"count_slider\": 89, \"diff_overall\": 8, \"total_length\": 87, \"approved_date\": \"2010-03-03 21:05:36\", \"beatmapset_id\": 13422, \"count_spinner\": 2, \"diff_approach\": 8, \"title_unicode\": null, \"artist_unicode\": null, \"favourite_count\": 91, \"difficultyrating\": 5.18803, \"audio_unavailable\": 0, \"download_unavailable\": 0}', '', 1, '2021-01-24 04:26:23');
INSERT INTO `mappool` VALUES (25, 2, 1374107, '1', 'FM', '{\"bpm\": 145, \"mode\": 0, \"tags\": \"konami bemani sdvx perfect comes callionet\", \"packs\": null, \"title\": \"Discloze (Extended)\", \"video\": 0, \"artist\": \"lapix\", \"rating\": 0, \"source\": \"SOUND VOLTEX III -GRAVITY WARS-\", \"creator\": \"sionKotori\", \"version\": \"Counterfeit\", \"approved\": -2, \"diff_aim\": 2.93525, \"file_md5\": \"0b30082d1a69e17cae714472dcd1b45d\", \"genre_id\": 1, \"diff_size\": 4, \"max_combo\": 2240, \"passcount\": 145, \"playcount\": 481, \"beatmap_id\": 1374107, \"creator_id\": 1083407, \"diff_drain\": 6, \"diff_speed\": 2.49562, \"hit_length\": 293, \"storyboard\": 0, \"language_id\": 1, \"last_update\": \"2020-09-30 10:11:20\", \"submit_date\": \"2017-08-03 07:54:48\", \"count_normal\": 349, \"count_slider\": 825, \"diff_overall\": 7, \"total_length\": 310, \"approved_date\": null, \"beatmapset_id\": 648652, \"count_spinner\": 4, \"diff_approach\": 9.5, \"title_unicode\": \"Discloze (Extended)\", \"artist_unicode\": \"lapix\", \"favourite_count\": 70, \"difficultyrating\": 5.65069, \"audio_unavailable\": 0, \"download_unavailable\": 0}', '', 1, '2021-01-24 04:26:23');
INSERT INTO `mappool` VALUES (26, 3, 2045016, '1', 'FM', '{\"bpm\": 148, \"mode\": 0, \"tags\": \"渡る者の途絶えた橋 the bridge people no longer cross 水橋 パルスィ parsee mizuhashi 夜好ころろ kororo yakoh kaztora シロいの ネタミニティ netaminity theatre \\\"666\\\" c94 東方project chireiden touhou project japanese pop あやぽんず＊あよ ayaponzu* ayo zun team shanghai alice 上海アリス幻樂団 japanese video game lu^3 kwaimsuckasfuk kanor\", \"packs\": \"S833\", \"title\": \"Mugen Shitto Gekijou \\\"666\\\"\", \"video\": 1, \"artist\": \"ShinRa-Bansho\", \"rating\": 9.41905, \"source\": \"東方地霊殿　～ Subterranean Animism.\", \"creator\": \"Hey lululu\", \"version\": \"Kw\'s Extra\", \"approved\": 1, \"diff_aim\": 3.14451, \"file_md5\": \"30f1ece2c9ca57b1c52ca897e822a28b\", \"genre_id\": 2, \"diff_size\": 4.2, \"max_combo\": 1440, \"passcount\": 5067, \"playcount\": 42525, \"beatmap_id\": 2045016, \"creator_id\": 4086497, \"diff_drain\": 6, \"diff_speed\": 2.48103, \"hit_length\": 253, \"storyboard\": 0, \"language_id\": 3, \"last_update\": \"2019-10-05 12:41:42\", \"submit_date\": \"2019-05-23 06:00:18\", \"count_normal\": 826, \"count_slider\": 287, \"diff_overall\": 8, \"total_length\": 269, \"approved_date\": \"2019-10-23 10:24:46\", \"beatmapset_id\": 975881, \"count_spinner\": 3, \"diff_approach\": 9.4, \"title_unicode\": \"無間嫉妬劇場『666』\", \"artist_unicode\": \"森羅万象\", \"favourite_count\": 430, \"difficultyrating\": 5.95728, \"audio_unavailable\": 0, \"download_unavailable\": 0}', '', 1, '2021-01-24 04:26:23');
INSERT INTO `mappool` VALUES (27, 3, 2031053, '2', 'FM', '{\"bpm\": 159, \"mode\": 0, \"tags\": \"椎名林檎 incidents sheena shiina ringo loneight l1106188 syameimaru-aya axaptice air\", \"packs\": \"S815\", \"title\": \"Sounan\", \"video\": 0, \"artist\": \"Tokyo Jihen\", \"rating\": 9.24906, \"source\": \"\", \"creator\": \"Uberzolik\", \"version\": \"Ayaya\'s Extra\", \"approved\": 1, \"diff_aim\": 3.03789, \"file_md5\": \"03c0fe9110b97620be72eade563fe2c7\", \"genre_id\": 4, \"diff_size\": 4.1, \"max_combo\": 1251, \"passcount\": 3240, \"playcount\": 39672, \"beatmap_id\": 2031053, \"creator_id\": 1314547, \"diff_drain\": 6, \"diff_speed\": 2.59295, \"hit_length\": 195, \"storyboard\": 0, \"language_id\": 3, \"last_update\": \"2019-09-02 19:17:58\", \"submit_date\": \"2019-05-05 21:57:45\", \"count_normal\": 531, \"count_slider\": 347, \"diff_overall\": 8, \"total_length\": 198, \"approved_date\": \"2019-09-11 02:22:53\", \"beatmapset_id\": 967321, \"count_spinner\": 1, \"diff_approach\": 9, \"title_unicode\": \"遭難\", \"artist_unicode\": \"東京事変\", \"favourite_count\": 270, \"difficultyrating\": 5.85331, \"audio_unavailable\": 0, \"download_unavailable\": 0}', '', 1, '2021-01-24 04:26:23');
INSERT INTO `mappool` VALUES (28, 3, 1559676, '3', 'FM', '{\"bpm\": 130, \"mode\": 0, \"tags\": \"\", \"packs\": null, \"title\": \"Never Heard Before\", \"video\": 0, \"artist\": \"M2U\", \"rating\": 0, \"source\": \"\", \"creator\": \"Axaptice\", \"version\": \"Extra\", \"approved\": -2, \"diff_aim\": 2.9277, \"file_md5\": \"ec8cfd2a366cbee50c8f414ccd11162c\", \"genre_id\": 1, \"diff_size\": 3.7, \"max_combo\": 1132, \"passcount\": 27, \"playcount\": 161, \"beatmap_id\": 1559676, \"creator_id\": 4395077, \"diff_drain\": 7, \"diff_speed\": 2.75504, \"hit_length\": 169, \"storyboard\": 1, \"language_id\": 1, \"last_update\": \"2018-02-24 20:45:26\", \"submit_date\": \"2018-02-23 00:45:17\", \"count_normal\": 530, \"count_slider\": 287, \"diff_overall\": 8, \"total_length\": 172, \"approved_date\": null, \"beatmapset_id\": 739090, \"count_spinner\": 0, \"diff_approach\": 9.3, \"title_unicode\": \"前代未聞\", \"artist_unicode\": \"M2U\", \"favourite_count\": 12, \"difficultyrating\": 5.76906, \"audio_unavailable\": 0, \"download_unavailable\": 0}', '', 1, '2021-01-24 04:26:23');
INSERT INTO `mappool` VALUES (29, 3, 1490377, '4', 'FM', '{\"bpm\": 155, \"mode\": 0, \"tags\": \"pop japan travel and and shibuya kei lounge vinxis xilver\", \"packs\": \"S624\", \"title\": \"Tabi to Ferry\", \"video\": 1, \"artist\": \"FUJIN CLUB\", \"rating\": 9.34728, \"source\": \"\", \"creator\": \"dsco\", \"version\": \"Seaside\", \"approved\": 1, \"diff_aim\": 3.11308, \"file_md5\": \"87b80a51a0e1f3149a6f42ce86120317\", \"genre_id\": 5, \"diff_size\": 5.5, \"max_combo\": 1163, \"passcount\": 4554, \"playcount\": 53712, \"beatmap_id\": 1490377, \"creator_id\": 4330511, \"diff_drain\": 5, \"diff_speed\": 2.62888, \"hit_length\": 204, \"storyboard\": 0, \"language_id\": 3, \"last_update\": \"2018-03-02 03:33:09\", \"submit_date\": \"2017-12-11 06:21:18\", \"count_normal\": 515, \"count_slider\": 274, \"diff_overall\": 8.6, \"total_length\": 212, \"approved_date\": \"2018-03-12 04:00:34\", \"beatmapset_id\": 704541, \"count_spinner\": 5, \"diff_approach\": 8.4, \"title_unicode\": \"旅とフェリー\", \"artist_unicode\": \"婦人倶楽部\", \"favourite_count\": 160, \"difficultyrating\": 5.98406, \"audio_unavailable\": 0, \"download_unavailable\": 0}', '', 1, '2021-01-24 04:26:23');
INSERT INTO `mappool` VALUES (30, 3, 2241460, '5', 'FM', '{\"bpm\": 140, \"mode\": 0, \"tags\": \"lokidoki glitch hardcore horror electronic instrumental 除草剤 joso zai g2r2018 sdvx bms featured artist\", \"packs\": \"S861\", \"title\": \"MARENOL\", \"video\": 0, \"artist\": \"LeaF\", \"rating\": 9.11822, \"source\": \"SOUND VOLTEX VIVID WAVE\", \"creator\": \"Plaudible\", \"version\": \"PHANTASMA\", \"approved\": 1, \"diff_aim\": 3.0497, \"file_md5\": \"7a91e2aed6718f0b1594729349dc78c6\", \"genre_id\": 10, \"diff_size\": 4, \"max_combo\": 1076, \"passcount\": 5868, \"playcount\": 42534, \"beatmap_id\": 2241460, \"creator_id\": 7149815, \"diff_drain\": 6, \"diff_speed\": 2.27279, \"hit_length\": 141, \"storyboard\": 1, \"language_id\": 5, \"last_update\": \"2020-01-21 23:20:48\", \"submit_date\": \"2019-11-27 01:13:32\", \"count_normal\": 295, \"count_slider\": 281, \"diff_overall\": 8.3, \"total_length\": 143, \"approved_date\": \"2020-02-01 10:45:26\", \"beatmapset_id\": 1070820, \"count_spinner\": 0, \"diff_approach\": 9.3, \"title_unicode\": \"MARENOL\", \"artist_unicode\": \"LeaF\", \"favourite_count\": 354, \"difficultyrating\": 5.71095, \"audio_unavailable\": 0, \"download_unavailable\": 0}', '', 1, '2021-01-24 04:26:23');
INSERT INTO `mappool` VALUES (31, 3, 1127971, '6', 'FM', '{\"bpm\": 135, \"mode\": 0, \"tags\": \"sukinathan\", \"packs\": \"SL19\", \"title\": \"Harajuku Sunny Day\", \"video\": 0, \"artist\": \"Yunomi\", \"rating\": 9.57265, \"source\": \"\", \"creator\": \"Nathan\", \"version\": \"Sunburn\", \"approved\": 4, \"diff_aim\": 2.9883, \"file_md5\": \"8d70f2f9debb2a260bef07895dd187a4\", \"genre_id\": 5, \"diff_size\": 4, \"max_combo\": 1740, \"passcount\": 7020, \"playcount\": 59526, \"beatmap_id\": 1127971, \"creator_id\": 4785223, \"diff_drain\": 5, \"diff_speed\": 2.79086, \"hit_length\": 226, \"storyboard\": 0, \"language_id\": 3, \"last_update\": \"2017-01-20 02:24:54\", \"submit_date\": \"2016-11-12 02:12:44\", \"count_normal\": 666, \"count_slider\": 495, \"diff_overall\": 8.6, \"total_length\": 238, \"approved_date\": \"2018-02-04 06:09:59\", \"beatmapset_id\": 532325, \"count_spinner\": 1, \"diff_approach\": 9.6, \"title_unicode\": \"原宿サニーデイ\", \"artist_unicode\": \"Yunomi\", \"favourite_count\": 126, \"difficultyrating\": 5.87788, \"audio_unavailable\": 0, \"download_unavailable\": 0}', '', 1, '2021-01-24 04:26:23');
INSERT INTO `mappool` VALUES (32, 3, 1570419, '1', 'HD', '{\"bpm\": 117, \"mode\": 0, \"tags\": \"next! german dancehall hip hop reggae groove peter fox deramok gottagof4st\", \"packs\": \"S685\", \"title\": \"Ding\", \"video\": 1, \"artist\": \"Seeed\", \"rating\": 9.31946, \"source\": \"\", \"creator\": \"IceKalt\", \"version\": \"Deramok\'s Hidden Extra\", \"approved\": 1, \"diff_aim\": 2.28198, \"file_md5\": \"ac7345ace7e355bbf15ec09cc39c5a27\", \"genre_id\": 9, \"diff_size\": 3.4, \"max_combo\": 1059, \"passcount\": 4815, \"playcount\": 72675, \"beatmap_id\": 1570419, \"creator_id\": 5410645, \"diff_drain\": 5, \"diff_speed\": 2.15524, \"hit_length\": 184, \"storyboard\": 0, \"language_id\": 8, \"last_update\": \"2018-08-24 20:57:25\", \"submit_date\": \"2018-01-29 13:16:35\", \"count_normal\": 598, \"count_slider\": 230, \"diff_overall\": 7, \"total_length\": 192, \"approved_date\": \"2018-09-02 00:20:09\", \"beatmapset_id\": 727333, \"count_spinner\": 0, \"diff_approach\": 8, \"title_unicode\": \"Ding\", \"artist_unicode\": \"Seeed\", \"favourite_count\": 349, \"difficultyrating\": 4.50059, \"audio_unavailable\": 0, \"download_unavailable\": 0}', '', 1, '2021-01-24 04:26:23');
INSERT INTO `mappool` VALUES (33, 3, 1591138, '2', 'HD', '{\"bpm\": 240, \"mode\": 0, \"tags\": \"fanzhen0019 future bass i love gangster anime girls thanks lm7\", \"packs\": \"SL72\", \"title\": \"Night Club Junkie\", \"video\": 0, \"artist\": \"YUC\'e\", \"rating\": 9.33466, \"source\": \"\", \"creator\": \"Nathan\", \"version\": \"YTE\", \"approved\": 4, \"diff_aim\": 2.78408, \"file_md5\": \"fedb48afe5ad6ab873cfa06058162664\", \"genre_id\": 10, \"diff_size\": 4, \"max_combo\": 1225, \"passcount\": 10179, \"playcount\": 76914, \"beatmap_id\": 1591138, \"creator_id\": 4785223, \"diff_drain\": 5, \"diff_speed\": 2.8185, \"hit_length\": 157, \"storyboard\": 0, \"language_id\": 3, \"last_update\": \"2018-07-29 08:38:26\", \"submit_date\": \"2018-03-29 00:51:55\", \"count_normal\": 250, \"count_slider\": 431, \"diff_overall\": 9, \"total_length\": 170, \"approved_date\": \"2019-03-18 19:58:27\", \"beatmapset_id\": 756066, \"count_spinner\": 1, \"diff_approach\": 9.4, \"title_unicode\": \"Night Club Junkie\", \"artist_unicode\": \"YUC\'e\", \"favourite_count\": 273, \"difficultyrating\": 5.61979, \"audio_unavailable\": 0, \"download_unavailable\": 0}', '', 1, '2021-01-24 04:26:23');
INSERT INTO `mappool` VALUES (34, 3, 1508612, '1', 'NM', '{\"bpm\": 128, \"mode\": 0, \"tags\": \"\", \"packs\": null, \"title\": \"Charm (w/ Puniden)\", \"video\": 0, \"artist\": \"Moe Shop\", \"rating\": 0, \"source\": \"\", \"creator\": \"rinuko\", \"version\": \"Magnetism\", \"approved\": -2, \"diff_aim\": 2.92132, \"file_md5\": \"3275ea5d33beb49bdf2c3d78ab683b46\", \"genre_id\": 1, \"diff_size\": 3.8, \"max_combo\": 1154, \"passcount\": 2, \"playcount\": 64, \"beatmap_id\": 1508612, \"creator_id\": 2117197, \"diff_drain\": 5, \"diff_speed\": 2.83865, \"hit_length\": 180, \"storyboard\": 0, \"language_id\": 1, \"last_update\": \"2017-12-31 21:10:25\", \"submit_date\": \"2017-12-31 21:10:12\", \"count_normal\": 506, \"count_slider\": 294, \"diff_overall\": 8, \"total_length\": 181, \"approved_date\": null, \"beatmapset_id\": 713792, \"count_spinner\": 0, \"diff_approach\": 9, \"title_unicode\": \"Charm (w/ Puniden)\", \"artist_unicode\": \"Moe Shop\", \"favourite_count\": 5, \"difficultyrating\": 5.80131, \"audio_unavailable\": 0, \"download_unavailable\": 0}', '', 1, '2021-01-24 04:26:23');
INSERT INTO `mappool` VALUES (35, 3, 79862, '2', 'NM', '{\"bpm\": 161.05, \"mode\": 0, \"tags\": \"arien666 shinigami ryuk light misa gladi gladiool lawliet raito\", \"packs\": \"R61,SA6,TC21\", \"title\": \"What\'s Up, People?\", \"video\": 0, \"artist\": \"Maximum the Hormone\", \"rating\": 9.38376, \"source\": \"Death Note\", \"creator\": \"Louis Cyphre\", \"version\": \"Lucifer\", \"approved\": 2, \"diff_aim\": 3.05878, \"file_md5\": \"4795ebc9b6750943be833ac284616cbb\", \"genre_id\": 3, \"diff_size\": 5, \"max_combo\": 1187, \"passcount\": 35202, \"playcount\": 395471, \"beatmap_id\": 79862, \"creator_id\": 186243, \"diff_drain\": 6, \"diff_speed\": 2.45603, \"hit_length\": 213, \"storyboard\": 0, \"language_id\": 3, \"last_update\": \"2011-03-16 23:23:49\", \"submit_date\": \"2010-02-21 18:59:19\", \"count_normal\": 816, \"count_slider\": 164, \"diff_overall\": 9, \"total_length\": 245, \"approved_date\": \"2011-03-16 23:59:36\", \"beatmapset_id\": 13320, \"count_spinner\": 1, \"diff_approach\": 9, \"title_unicode\": null, \"artist_unicode\": null, \"favourite_count\": 418, \"difficultyrating\": 5.81618, \"audio_unavailable\": 0, \"download_unavailable\": 0}', '', 1, '2021-01-24 04:26:23');
INSERT INTO `mappool` VALUES (36, 3, 1883681, '1', 'HR', '{\"bpm\": 178, \"mode\": 0, \"tags\": \"ballads1 1 english filthy frank papa franku george miller pink guy 88rising ambient dance r&b soul hip hop hiphop yeah right can\'t get over you cant patrick wimberly francisco frankie ramirez chris athens eiri- ayyri em0nky emonky marblelemons thepython jeiryagtama jieryagtama jeirin liyac cyanine californian darknessofblue jemzuu ajamez\", \"packs\": \"S851\", \"title\": \"SLOW DANCING IN THE DARK\", \"video\": 0, \"artist\": \"Joji\", \"rating\": 8.94636, \"source\": \"\", \"creator\": \"Mayflower\", \"version\": \"APHOTIC\", \"approved\": 1, \"diff_aim\": 2.59661, \"file_md5\": \"324905438d905adfcba02b93de6e08d9\", \"genre_id\": 9, \"diff_size\": 4, \"max_combo\": 1016, \"passcount\": 13338, \"playcount\": 171549, \"beatmap_id\": 1883681, \"creator_id\": 10302848, \"diff_drain\": 4, \"diff_speed\": 2.10019, \"hit_length\": 205, \"storyboard\": 0, \"language_id\": 2, \"last_update\": \"2019-12-27 00:36:43\", \"submit_date\": \"2018-12-29 22:18:45\", \"count_normal\": 89, \"count_slider\": 386, \"diff_overall\": 8.5, \"total_length\": 205, \"approved_date\": \"2019-12-28 03:40:20\", \"beatmapset_id\": 902215, \"count_spinner\": 2, \"diff_approach\": 9, \"title_unicode\": \"SLOW DANCING IN THE DARK\", \"artist_unicode\": \"Joji\", \"favourite_count\": 1309, \"difficultyrating\": 4.94502, \"audio_unavailable\": 0, \"download_unavailable\": 0}', '', 1, '2021-01-24 04:26:23');
INSERT INTO `mappool` VALUES (37, 3, 1616928, '1', 'EZ', '{\"bpm\": 177, \"mode\": 0, \"tags\": \"synchronica 太鼓の達人 taiko no tatsujin murasaki white red yellow blue green ムラサキ ホワイト レッド イエロー ブルー グリーン maimai pink milk finaly deluxe dx でらっくす gc groove coaster 4 starlight road ex infinity highway taito bandai namco bnsi 第3回 天下一音ゲ祭 井上拓 3 seconds until dawn apaffy mrsergio\", \"packs\": \"S821\", \"title\": \"Yoake made Ato 3 Byou\", \"video\": 0, \"artist\": \"Taku Inoue\", \"rating\": 9.22745, \"source\": \"シンクロニカ\", \"creator\": \"Nerova Riuz GX\", \"version\": \"Dawn\", \"approved\": 1, \"diff_aim\": 3.2088, \"file_md5\": \"f5b0f4a991949aaffd28b097f896b70b\", \"genre_id\": 2, \"diff_size\": 7, \"max_combo\": 853, \"passcount\": 3933, \"playcount\": 23274, \"beatmap_id\": 1616928, \"creator_id\": 1557955, \"diff_drain\": 5, \"diff_speed\": 2.5627, \"hit_length\": 128, \"storyboard\": 0, \"language_id\": 5, \"last_update\": \"2019-09-21 15:12:58\", \"submit_date\": \"2018-04-22 04:28:36\", \"count_normal\": 372, \"count_slider\": 193, \"diff_overall\": 8.5, \"total_length\": 129, \"approved_date\": \"2019-09-28 03:01:53\", \"beatmapset_id\": 768893, \"count_spinner\": 1, \"diff_approach\": 9.3, \"title_unicode\": \"夜明けまであと3秒\", \"artist_unicode\": \"Taku Inoue\", \"favourite_count\": 85, \"difficultyrating\": 6.09455, \"audio_unavailable\": 0, \"download_unavailable\": 0}', '', 1, '2021-01-24 04:26:23');
INSERT INTO `mappool` VALUES (38, 3, 2024314, '1A', 'FM', '{\"bpm\": 140, \"mode\": 0, \"tags\": \"contagious deviouspanda electronic japanese treow ヒステリシス rolniczy collab\", \"packs\": \"S800\", \"title\": \"Hysteresis\", \"video\": 0, \"artist\": \"ELECTROCUTICA feat. yanaginagi\", \"rating\": 9.72727, \"source\": \"\", \"creator\": \"Melwoine\", \"version\": \"Melwoine x Rolniczy\'s Distortion\", \"approved\": 1, \"diff_aim\": 2.93107, \"file_md5\": \"1ef4045627b598dbfc5d7401a868df6b\", \"genre_id\": 10, \"diff_size\": 4, \"max_combo\": 2301, \"passcount\": 1926, \"playcount\": 21834, \"beatmap_id\": 2024314, \"creator_id\": 12091109, \"diff_drain\": 5.5, \"diff_speed\": 2.71602, \"hit_length\": 334, \"storyboard\": 0, \"language_id\": 3, \"last_update\": \"2019-07-27 16:58:30\", \"submit_date\": \"2019-05-05 18:55:19\", \"count_normal\": 917, \"count_slider\": 632, \"diff_overall\": 8.5, \"total_length\": 378, \"approved_date\": \"2019-08-01 08:40:01\", \"beatmapset_id\": 967237, \"count_spinner\": 0, \"diff_approach\": 9.3, \"title_unicode\": \"Hysteresis\", \"artist_unicode\": \"ELECTROCUTICA feat. やなぎなぎ\", \"favourite_count\": 139, \"difficultyrating\": 5.75461, \"audio_unavailable\": 0, \"download_unavailable\": 0}', '', 1, '2021-01-24 04:26:23');
INSERT INTO `mappool` VALUES (39, 3, 1939270, '1B', 'FM', '{\"bpm\": 140, \"mode\": 0, \"tags\": \"treow ヒステリシス naturale japanese electronic\", \"packs\": \"S814\", \"title\": \"Hysteresis\", \"video\": 0, \"artist\": \"ELECTROCUTICA feat. yanaginagi\", \"rating\": 9.12903, \"source\": \"\", \"creator\": \"UndeadCapulet\", \"version\": \"Ashen Rain\", \"approved\": 1, \"diff_aim\": 2.76195, \"file_md5\": \"3ce896582cb28145d59c892878e81a92\", \"genre_id\": 10, \"diff_size\": 4, \"max_combo\": 2151, \"passcount\": 819, \"playcount\": 13734, \"beatmap_id\": 1939270, \"creator_id\": 2523533, \"diff_drain\": 5, \"diff_speed\": 2.76651, \"hit_length\": 321, \"storyboard\": 0, \"language_id\": 3, \"last_update\": \"2019-08-23 02:29:27\", \"submit_date\": \"2019-02-19 03:13:10\", \"count_normal\": 950, \"count_slider\": 528, \"diff_overall\": 8.5, \"total_length\": 378, \"approved_date\": \"2019-09-08 04:40:01\", \"beatmapset_id\": 928457, \"count_spinner\": 1, \"diff_approach\": 9, \"title_unicode\": \"Hysteresis\", \"artist_unicode\": \"ELECTROCUTICA feat. やなぎなぎ\", \"favourite_count\": 44, \"difficultyrating\": 5.53074, \"audio_unavailable\": 0, \"download_unavailable\": 0}', '', 1, '2021-01-24 04:26:23');
INSERT INTO `mappool` VALUES (40, 3, 1985210, '1', 'FM', '{\"bpm\": 150, \"mode\": 0, \"tags\": \"hanasaki yukina hanasaki_yukina stirup club edition v3 | diaphanser reincarnation quantum rosta quantum_rosta -tochi _lai suzuki_1112 alliumproject compllege c85 otosaka-yu 1112deng vocaloid\", \"packs\": \"S789\", \"title\": \"Scaler\", \"video\": 0, \"artist\": \"Taishi feat. Hatsune Miku (Eng ver)\", \"rating\": 9.23158, \"source\": \"\", \"creator\": \"Necho\", \"version\": \"Necho$[Yukina*Rosta]\'s ReExploration\", \"approved\": 1, \"diff_aim\": 3.46137, \"file_md5\": \"683efedd00b8bb94d113e11bf62792f6\", \"genre_id\": 10, \"diff_size\": 4, \"max_combo\": 2220, \"passcount\": 1287, \"playcount\": 13104, \"beatmap_id\": 1985210, \"creator_id\": 4086593, \"diff_drain\": 5, \"diff_speed\": 2.78562, \"hit_length\": 320, \"storyboard\": 1, \"language_id\": 2, \"last_update\": \"2019-06-29 06:48:58\", \"submit_date\": \"2019-03-13 14:25:05\", \"count_normal\": 366, \"count_slider\": 797, \"diff_overall\": 8, \"total_length\": 349, \"approved_date\": \"2019-07-06 08:00:27\", \"beatmapset_id\": 939511, \"count_spinner\": 1, \"diff_approach\": 9.6, \"title_unicode\": \"Scaler\", \"artist_unicode\": \"Taishi　feat.初音ミク（Eng ver）\", \"favourite_count\": 120, \"difficultyrating\": 6.58486, \"audio_unavailable\": 0, \"download_unavailable\": 0}', '', 1, '2021-01-24 04:26:23');
INSERT INTO `mappool` VALUES (55, 2, 2719875, '3', 'NM', '{\"bpm\": 185, \"mode\": 0, \"tags\": \"rent-a-girlfriend i\'d like to borrow a girlfriend kanokari kanojo okarishimasu ed ending 2 full anime japanese pop jpop j-pop uniform devinl flowziee\", \"packs\": null, \"title\": \"Kokuhaku Bungee Jump\", \"video\": 0, \"artist\": \"halca\", \"rating\": 9.47059, \"source\": \"彼女、お借りします\", \"creator\": \"Yogurtt\", \"version\": \"Sentimental Crisis\", \"approved\": 1, \"diff_aim\": 3.19489, \"file_md5\": \"2caf1bd28d40c6119b10e7238c30783b\", \"genre_id\": 3, \"diff_size\": 4.2, \"max_combo\": 1533, \"passcount\": 1065, \"playcount\": 10612, \"beatmap_id\": 2719875, \"creator_id\": 2649717, \"diff_drain\": 6, \"diff_speed\": 2.65106, \"hit_length\": 232, \"storyboard\": 0, \"language_id\": 3, \"last_update\": \"2021-01-18 23:00:36\", \"submit_date\": \"2020-11-29 23:36:44\", \"count_normal\": 789, \"count_slider\": 367, \"diff_overall\": 9, \"total_length\": 246, \"approved_date\": \"2021-01-26 18:21:40\", \"beatmapset_id\": 1312335, \"count_spinner\": 1, \"diff_approach\": 9.3, \"title_unicode\": \"告白バンジージャンプ\", \"artist_unicode\": \"halca\", \"favourite_count\": 54, \"difficultyrating\": 6.11786, \"audio_unavailable\": 0, \"download_unavailable\": 0}', '', 1, '2021-01-30 02:32:04');
INSERT INTO `mappool` VALUES (56, 5, 2788471, '3', 'NM', '{\"bpm\": 110, \"mode\": 0, \"tags\": \"japanese pop love live! school idol festival perfect dream project 大西亜玖璃 上原歩夢 相良茉優 中須かすみ 前田佳織里 桜坂しずく 久保田未夢 朝香果林 村上奈津実 宮下 愛 鬼頭明里 近江彼方 楠木ともり 優木せつ菜 指出毬亜 エマ ヴェルデ 田中ちえ美 天王寺璃奈\", \"packs\": null, \"title\": \"Just Believe!!!\", \"video\": 0, \"artist\": \"Nijigasaki High School Idol Club\", \"rating\": 0, \"source\": \"\", \"creator\": \"[ TNTlealu ]\", \"version\": \"Never Give Up!!!\", \"approved\": -1, \"diff_aim\": 3.25056, \"file_md5\": \"118aba7e3034a53194103a9f4b5b32f0\", \"genre_id\": 5, \"diff_size\": 3.8, \"max_combo\": 1294, \"passcount\": 0, \"playcount\": 8, \"beatmap_id\": 2788471, \"creator_id\": 9502522, \"diff_drain\": 6, \"diff_speed\": 2.50261, \"hit_length\": 205, \"storyboard\": 0, \"language_id\": 3, \"last_update\": \"2021-01-30 18:14:53\", \"submit_date\": \"2021-01-12 15:29:17\", \"count_normal\": 559, \"count_slider\": 361, \"diff_overall\": 9, \"total_length\": 237, \"approved_date\": null, \"beatmapset_id\": 1346467, \"count_spinner\": 1, \"diff_approach\": 9.3, \"title_unicode\": \"Just Believe!!!\", \"artist_unicode\": \"虹ヶ咲学園スクールアイドル同好会\", \"favourite_count\": 1, \"difficultyrating\": 6.12714, \"audio_unavailable\": 0, \"download_unavailable\": 0}', '', 31, '2021-01-31 23:54:10');
INSERT INTO `mappool` VALUES (57, 5, 2788471, '3', 'NM', '{\"bpm\": 110, \"mode\": 0, \"tags\": \"japanese pop love live! school idol festival perfect dream project 大西亜玖璃 上原歩夢 相良茉優 中須かすみ 前田佳織里 桜坂しずく 久保田未夢 朝香果林 村上奈津実 宮下 愛 鬼頭明里 近江彼方 楠木ともり 優木せつ菜 指出毬亜 エマ ヴェルデ 田中ちえ美 天王寺璃奈\", \"packs\": null, \"title\": \"Just Believe!!!\", \"video\": 0, \"artist\": \"Nijigasaki High School Idol Club\", \"rating\": 0, \"source\": \"\", \"creator\": \"[ TNTlealu ]\", \"version\": \"Never Give Up!!!\", \"approved\": -1, \"diff_aim\": 3.25056, \"file_md5\": \"118aba7e3034a53194103a9f4b5b32f0\", \"genre_id\": 5, \"diff_size\": 3.8, \"max_combo\": 1294, \"passcount\": 0, \"playcount\": 8, \"beatmap_id\": 2788471, \"creator_id\": 9502522, \"diff_drain\": 6, \"diff_speed\": 2.50261, \"hit_length\": 205, \"storyboard\": 0, \"language_id\": 3, \"last_update\": \"2021-01-30 18:14:53\", \"submit_date\": \"2021-01-12 15:29:17\", \"count_normal\": 559, \"count_slider\": 361, \"diff_overall\": 9, \"total_length\": 237, \"approved_date\": null, \"beatmapset_id\": 1346467, \"count_spinner\": 1, \"diff_approach\": 9.3, \"title_unicode\": \"Just Believe!!!\", \"artist_unicode\": \"虹ヶ咲学園スクールアイドル同好会\", \"favourite_count\": 1, \"difficultyrating\": 6.12714, \"audio_unavailable\": 0, \"download_unavailable\": 0}', '', 31, '2021-01-31 23:54:12');
INSERT INTO `mappool` VALUES (58, 5, 2788471, '3', 'NM', '{\"bpm\": 110, \"mode\": 0, \"tags\": \"japanese pop love live! school idol festival perfect dream project 大西亜玖璃 上原歩夢 相良茉優 中須かすみ 前田佳織里 桜坂しずく 久保田未夢 朝香果林 村上奈津実 宮下 愛 鬼頭明里 近江彼方 楠木ともり 優木せつ菜 指出毬亜 エマ ヴェルデ 田中ちえ美 天王寺璃奈\", \"packs\": null, \"title\": \"Just Believe!!!\", \"video\": 0, \"artist\": \"Nijigasaki High School Idol Club\", \"rating\": 0, \"source\": \"\", \"creator\": \"[ TNTlealu ]\", \"version\": \"Never Give Up!!!\", \"approved\": -1, \"diff_aim\": 3.25056, \"file_md5\": \"118aba7e3034a53194103a9f4b5b32f0\", \"genre_id\": 5, \"diff_size\": 3.8, \"max_combo\": 1294, \"passcount\": 0, \"playcount\": 8, \"beatmap_id\": 2788471, \"creator_id\": 9502522, \"diff_drain\": 6, \"diff_speed\": 2.50261, \"hit_length\": 205, \"storyboard\": 0, \"language_id\": 3, \"last_update\": \"2021-01-30 18:14:53\", \"submit_date\": \"2021-01-12 15:29:17\", \"count_normal\": 559, \"count_slider\": 361, \"diff_overall\": 9, \"total_length\": 237, \"approved_date\": null, \"beatmapset_id\": 1346467, \"count_spinner\": 1, \"diff_approach\": 9.3, \"title_unicode\": \"Just Believe!!!\", \"artist_unicode\": \"虹ヶ咲学園スクールアイドル同好会\", \"favourite_count\": 1, \"difficultyrating\": 6.12714, \"audio_unavailable\": 0, \"download_unavailable\": 0}', '', 31, '2021-01-31 23:54:14');
INSERT INTO `mappool` VALUES (59, 4, 1455127, '3', '9', '{\"bpm\": 175, \"mode\": 0, \"tags\": \"somebody pls kill me\", \"packs\": null, \"title\": \"Distance (TANUKI\'s Christmas Remix)\", \"video\": 0, \"artist\": \"Kana Nishino\", \"rating\": 0, \"source\": \"\", \"creator\": 871, \"version\": \"OwO\", \"approved\": -2, \"diff_aim\": 2.90359, \"file_md5\": \"39e2da697ee0be33de0406cce3e7d48c\", \"genre_id\": 1, \"diff_size\": 4, \"max_combo\": 1076, \"passcount\": 13, \"playcount\": 34, \"beatmap_id\": 1455127, \"creator_id\": 1038339, \"diff_drain\": 4, \"diff_speed\": 2.38571, \"hit_length\": 155, \"storyboard\": 0, \"language_id\": 1, \"last_update\": \"2018-06-26 04:32:14\", \"submit_date\": \"2017-10-29 09:45:31\", \"count_normal\": 368, \"count_slider\": 352, \"diff_overall\": 8, \"total_length\": 165, \"approved_date\": null, \"beatmapset_id\": 687627, \"count_spinner\": 1, \"diff_approach\": 9.6, \"title_unicode\": \"Distance (TANUKI\'s Christmas Remix)\", \"artist_unicode\": \"Kana Nishino\", \"favourite_count\": 4, \"difficultyrating\": 5.54824, \"audio_unavailable\": 0, \"download_unavailable\": 0}', '', 1, '2021-03-06 19:11:34');
INSERT INTO `mappool` VALUES (60, 4, 1455127, '3', '9', '{\"bpm\": 175, \"mode\": 0, \"tags\": \"somebody pls kill me\", \"packs\": null, \"title\": \"Distance (TANUKI\'s Christmas Remix)\", \"video\": 0, \"artist\": \"Kana Nishino\", \"rating\": 0, \"source\": \"\", \"creator\": 871, \"version\": \"OwO\", \"approved\": -2, \"diff_aim\": 2.90359, \"file_md5\": \"39e2da697ee0be33de0406cce3e7d48c\", \"genre_id\": 1, \"diff_size\": 4, \"max_combo\": 1076, \"passcount\": 13, \"playcount\": 34, \"beatmap_id\": 1455127, \"creator_id\": 1038339, \"diff_drain\": 4, \"diff_speed\": 2.38571, \"hit_length\": 155, \"storyboard\": 0, \"language_id\": 1, \"last_update\": \"2018-06-26 04:32:14\", \"submit_date\": \"2017-10-29 09:45:31\", \"count_normal\": 368, \"count_slider\": 352, \"diff_overall\": 8, \"total_length\": 165, \"approved_date\": null, \"beatmapset_id\": 687627, \"count_spinner\": 1, \"diff_approach\": 9.6, \"title_unicode\": \"Distance (TANUKI\'s Christmas Remix)\", \"artist_unicode\": \"Kana Nishino\", \"favourite_count\": 4, \"difficultyrating\": 5.54824, \"audio_unavailable\": 0, \"download_unavailable\": 0}', '', 1, '2021-03-06 19:13:31');
INSERT INTO `mappool` VALUES (61, 4, 1061200, '4', 'HD', '{\"bpm\": 152, \"mode\": 0, \"tags\": \"tantei opera milky holmes dai 2 maku ending ed remix eurobeat cobalt green\", \"packs\": \"S775\", \"title\": \"Lovely Girls Anthem -EuroBeatRemix-\", \"video\": 0, \"artist\": \"Aso Natsuko\", \"rating\": 9.22222, \"source\": \"探偵オペラ ミルキィホームズ 第2幕\", \"creator\": \"Aeril\", \"version\": \"Extra\", \"approved\": 1, \"diff_aim\": 2.65866, \"file_md5\": \"47bc0060418e745470fed9156c52401a\", \"genre_id\": 3, \"diff_size\": 4.2, \"max_combo\": 1503, \"passcount\": 3285, \"playcount\": 37593, \"beatmap_id\": 1061200, \"creator_id\": 4334976, \"diff_drain\": 6.5, \"diff_speed\": 2.62426, \"hit_length\": 216, \"storyboard\": 0, \"language_id\": 3, \"last_update\": \"2019-05-21 19:34:43\", \"submit_date\": \"2016-08-20 21:43:13\", \"count_normal\": 654, \"count_slider\": 411, \"diff_overall\": 9, \"total_length\": 247, \"approved_date\": \"2019-05-22 19:40:02\", \"beatmapset_id\": 498505, \"count_spinner\": 6, \"diff_approach\": 9.1, \"title_unicode\": \"Lovely Girls Anthem -EuroBeatRemix-\", \"artist_unicode\": \"麻生夏子\", \"favourite_count\": 111, \"difficultyrating\": 5.30012, \"audio_unavailable\": 0, \"download_unavailable\": 0}', '', 1, '2021-03-11 20:11:25');

-- ----------------------------
-- Table structure for match
-- ----------------------------
DROP TABLE IF EXISTS `match`;
CREATE TABLE `match`  (
  `id` int(11) NOT NULL AUTO_INCREMENT COMMENT 'ID',
  `code` char(10) CHARACTER SET utf8 COLLATE utf8_general_ci NULL DEFAULT NULL COMMENT '自訂代碼',
  `round_id` int(11) NULL DEFAULT NULL COMMENT '階段 ID',
  `team1` int(11) NULL DEFAULT NULL COMMENT '隊伍1 ID',
  `team1_score` int(11) NOT NULL DEFAULT 0 COMMENT '隊伍1 分數',
  `team2` int(11) NULL DEFAULT NULL COMMENT '隊伍2 ID',
  `team2_score` int(11) NOT NULL DEFAULT 0 COMMENT '隊伍2 分數',
  `date` datetime NULL DEFAULT NULL COMMENT '比賽日期',
  `referee` int(11) NULL DEFAULT NULL COMMENT '裁判',
  `streamer` int(11) NULL DEFAULT NULL COMMENT '直播',
  `commentator` int(11) NULL DEFAULT NULL COMMENT '賽評',
  `commentator2` int(11) NULL DEFAULT NULL COMMENT '賽評',
  `mp_link` varchar(2000) CHARACTER SET utf8 COLLATE utf8_general_ci NOT NULL DEFAULT '' COMMENT 'MP連結',
  `video_link` varchar(2000) CHARACTER SET utf8 COLLATE utf8_general_ci NOT NULL DEFAULT '' COMMENT 'VOD連結',
  `loser` tinyint(1) NULL DEFAULT 0 COMMENT '是否為敗部',
  `stats` tinyint(1) NULL DEFAULT 0 COMMENT '狀態(0 未開始,1 結束,2 棄賽)',
  `note` varchar(500) CHARACTER SET utf8 COLLATE utf8_general_ci NOT NULL DEFAULT '',
  `winto` int(11) NULL DEFAULT NULL,
  `losto` int(11) NULL DEFAULT NULL,
  PRIMARY KEY (`id`) USING BTREE,
  UNIQUE INDEX `code`(`code`) USING BTREE,
  INDEX `FK_TEAM1`(`team1`) USING BTREE,
  INDEX `FK_TEAM2`(`team2`) USING BTREE,
  INDEX `FK_ROUND`(`round_id`) USING BTREE,
  CONSTRAINT `FK_ROUND` FOREIGN KEY (`round_id`) REFERENCES `round` (`id`) ON DELETE RESTRICT ON UPDATE RESTRICT,
  CONSTRAINT `FK_TEAM1` FOREIGN KEY (`team1`) REFERENCES `team` (`id`) ON DELETE SET NULL ON UPDATE RESTRICT,
  CONSTRAINT `FK_TEAM2` FOREIGN KEY (`team2`) REFERENCES `team` (`id`) ON DELETE SET NULL ON UPDATE RESTRICT
) ENGINE = InnoDB AUTO_INCREMENT = 38 CHARACTER SET = utf8 COLLATE = utf8_general_ci COMMENT = '賽程' ROW_FORMAT = DYNAMIC;

-- ----------------------------
-- Records of match
-- ----------------------------
INSERT INTO `match` VALUES (1, 'WB 1.1', 1, 14, 1, 11, 5, '2020-01-17 18:00:00', 17, 15, 7, 24, 'https://osu.ppy.sh/community/matches/57775533', 'https://www.twitch.tv/videos/537299487', 0, 1, '', NULL, NULL);
INSERT INTO `match` VALUES (23, 'WB 1.2', 1, 17, 3, 23, 5, '2020-01-17 19:30:00', NULL, 15, 7, 24, 'https://osu.ppy.sh/community/matches/57776359', 'https://www.twitch.tv/videos/537316498', 0, 1, '', NULL, NULL);
INSERT INTO `match` VALUES (24, 'WB 1.3', 1, 27, 2, 26, 5, '2020-01-17 21:00:00', 12, NULL, 24, NULL, 'https://osu.ppy.sh/community/matches/57777643', 'https://www.twitch.tv/videos/537338158', 0, 1, '', NULL, NULL);
INSERT INTO `match` VALUES (25, 'WB 1.4', 1, 13, 0, 5, -1, '2020-01-18 23:30:00', NULL, NULL, NULL, NULL, '', '', 0, 2, '_kyuu 未於時間內現身，MiyazonoKuma 直接晉級至 WB Round 2', NULL, NULL);
INSERT INTO `match` VALUES (26, 'WB 1.5', 1, 9, 5, 6, 4, '2020-01-19 22:00:00', 14, NULL, 9, 6, 'https://osu.ppy.sh/community/matches/57835682', 'https://www.twitch.tv/videos/538507542', 0, 1, '', NULL, NULL);
INSERT INTO `match` VALUES (27, 'WB 1.6', 1, 10, -1, 8, 0, '2020-01-19 13:30:00', NULL, NULL, NULL, NULL, '', '', 0, 2, 'NashiKari 未於時間內現身，Music Lord 直接晉級至 WB Round 2', NULL, NULL);
INSERT INTO `match` VALUES (28, 'WB 1.7', 1, 7, 3, 24, 5, '2020-01-19 14:00:00', 13, 20, 8, 6, 'https://osu.ppy.sh/community/matches/57827865', 'https://www.twitch.tv/videos/538349979', 0, 1, '', NULL, NULL);
INSERT INTO `match` VALUES (29, 'WB 1.8', 1, 1, 2, 18, 5, '2020-01-19 20:00:00', 19, 1, NULL, 6, 'https://osu.ppy.sh/mp/57833014', 'https://www.twitch.tv/videos/538439444', 0, 1, '', NULL, NULL);
INSERT INTO `match` VALUES (30, 'WB 1.9', 1, 20, -1, 3, 0, '2020-01-19 15:00:00', NULL, NULL, NULL, NULL, '', '', 0, 2, 'XzCraftP 棄賽，Imokora 直接晉級至 WB Round 2', NULL, NULL);
INSERT INTO `match` VALUES (31, 'WB 1.10', 1, 16, -1, 19, 0, '2020-01-19 16:30:00', NULL, NULL, NULL, NULL, '', '', 0, 2, 'GfMRT 未於時間內現身，[ MILK_Jiang] 直接晉級至 WB Round 2', NULL, NULL);
INSERT INTO `match` VALUES (32, 'LB 1.1', 1, 2, 13, 7, 7, '2021-02-12 19:00:00', NULL, NULL, NULL, NULL, '', '', 1, 0, '', NULL, NULL);
INSERT INTO `match` VALUES (35, 'L-GF-1', 6, 7, -1, 1, 0, '2021-02-27 17:27:00', 18, 4, 7, 6, '123123123123', '3123123123213123', 1, 2, '12313312', NULL, NULL);
INSERT INTO `match` VALUES (37, 'WB 2.5', 5, 4, 18, 3, 14, '2021-02-20 21:14:00', 10, 15, 6, 6, '0.', '0..', 0, 1, '123213123123453453453434', NULL, NULL);

-- ----------------------------
-- Table structure for player
-- ----------------------------
DROP TABLE IF EXISTS `player`;
CREATE TABLE `player`  (
  `user_id` int(11) NOT NULL COMMENT 'OSU ID',
  `username` varchar(16) CHARACTER SET utf8 COLLATE utf8_general_ci NOT NULL COMMENT 'OSU 用戶名',
  `team` int(11) NOT NULL COMMENT '隊伍 ID',
  `register_date` datetime NOT NULL DEFAULT CURRENT_TIMESTAMP COMMENT '報名時間',
  `info` json NULL COMMENT '玩家資料',
  `bp1` json NULL COMMENT '玩家最佳成績',
  `active` tinyint(1) NOT NULL DEFAULT 1 COMMENT '是否活躍',
  `leader` tinyint(1) NOT NULL DEFAULT 0 COMMENT '是否為隊長',
  PRIMARY KEY (`user_id`) USING BTREE,
  UNIQUE INDEX `user_id`(`user_id`) USING BTREE,
  INDEX `FK1_team`(`team`) USING BTREE,
  CONSTRAINT `FK1_team` FOREIGN KEY (`team`) REFERENCES `team` (`id`) ON DELETE CASCADE ON UPDATE RESTRICT
) ENGINE = InnoDB CHARACTER SET = utf8 COLLATE = utf8_general_ci COMMENT = '玩家' ROW_FORMAT = DYNAMIC;

-- ----------------------------
-- Records of player
-- ----------------------------
INSERT INTO `player` VALUES (654296, 'Bitcoin', 2, '2021-01-15 02:17:22', '{\"level\": 101.044, \"pp_raw\": 8187.21, \"count50\": 81905, \"country\": \"TW\", \"pp_rank\": 4368, \"user_id\": 654296, \"accuracy\": 98.5335464477539, \"count100\": 896120, \"count300\": 12503192, \"username\": \"Bitcoin\", \"join_date\": \"2011-01-21 02:50:27\", \"playcount\": 50878, \"total_score\": 131352923382, \"count_rank_a\": 848, \"count_rank_s\": 893, \"ranked_score\": 30479220582, \"count_rank_sh\": 1063, \"count_rank_ss\": 114, \"count_rank_ssh\": 73, \"pp_country_rank\": 72, \"total_seconds_played\": 2959327}', '{\"pp\": 492.174, \"date\": \"2019-03-24 03:36:55\", \"rank\": \"B\", \"score\": 31262182, \"count50\": 13, \"perfect\": 0, \"user_id\": 654296, \"count100\": 97, \"count300\": 881, \"maxcombo\": 1324, \"score_id\": 2765645759, \"countgeki\": 163, \"countkatu\": 31, \"countmiss\": 3, \"beatmap_id\": 1945175, \"enabled_mods\": 584, \"replay_available\": 1}', 1, 1);
INSERT INTO `player` VALUES (1593180, 'XzCraftP', 20, '2021-01-15 02:17:43', '{\"level\": 100.431, \"pp_raw\": 8398.57, \"count50\": 50840, \"country\": \"TW\", \"pp_rank\": 4243, \"user_id\": 1593180, \"accuracy\": 99.0665054321289, \"count100\": 396248, \"count300\": 5569959, \"username\": \"XzCraftP\", \"join_date\": \"2012-05-11 10:50:34\", \"playcount\": 20312, \"total_score\": 70045589828, \"count_rank_a\": 1137, \"count_rank_s\": 597, \"ranked_score\": 32879723907, \"count_rank_sh\": 300, \"count_rank_ss\": 54, \"count_rank_ssh\": 46, \"pp_country_rank\": 63, \"total_seconds_played\": 1493743}', '{\"pp\": 518.912, \"date\": \"2019-09-19 15:46:26\", \"rank\": \"A\", \"score\": 126725030, \"count50\": 1, \"perfect\": 0, \"user_id\": 1593180, \"count100\": 37, \"count300\": 1934, \"maxcombo\": 2242, \"score_id\": 2897534935, \"countgeki\": 214, \"countkatu\": 15, \"countmiss\": 1, \"beatmap_id\": 658127, \"enabled_mods\": 0, \"replay_available\": 1}', 1, 0);
INSERT INTO `player` VALUES (1786610, 'Naze Meiyue', 18, '2021-01-15 02:17:41', '{\"level\": 102.587, \"pp_raw\": 8004.52, \"count50\": 215712, \"country\": \"TW\", \"pp_rank\": 4963, \"user_id\": 1786610, \"accuracy\": 99.05582427978516, \"count100\": 1791046, \"count300\": 26200362, \"username\": \"Naze Meiyue\", \"join_date\": \"2012-07-26 07:53:04\", \"playcount\": 151047, \"total_score\": 285673729778, \"count_rank_a\": 2370, \"count_rank_s\": 1945, \"ranked_score\": 63803780142, \"count_rank_sh\": 236, \"count_rank_ss\": 219, \"count_rank_ssh\": 34, \"pp_country_rank\": 89, \"total_seconds_played\": 7071584}', '{\"pp\": 415.247, \"date\": \"2020-01-01 15:12:53\", \"rank\": \"A\", \"score\": 59985190, \"count50\": 0, \"perfect\": 0, \"user_id\": 1786610, \"count100\": 42, \"count300\": 1154, \"maxcombo\": 1787, \"score_id\": 2972494997, \"countgeki\": 307, \"countkatu\": 28, \"countmiss\": 1, \"beatmap_id\": 1583228, \"enabled_mods\": 0, \"replay_available\": 1}', 1, 0);
INSERT INTO `player` VALUES (1860489, '_Shield', 11, '2021-01-15 02:17:31', '{\"level\": 104.455, \"pp_raw\": 12507.5, \"count50\": 68971, \"country\": \"TW\", \"pp_rank\": 254, \"user_id\": 1860489, \"accuracy\": 99.08057403564452, \"count100\": 942443, \"count300\": 28177552, \"username\": \"_Shield\", \"join_date\": \"2012-08-21 15:10:18\", \"playcount\": 116427, \"total_score\": 472480882978, \"count_rank_a\": 1780, \"count_rank_s\": 2324, \"ranked_score\": 106048446366, \"count_rank_sh\": 119, \"count_rank_ss\": 351, \"count_rank_ssh\": 15, \"pp_country_rank\": 6, \"total_seconds_played\": 6173490}', '{\"pp\": 742.292, \"date\": \"2020-10-03 17:24:05\", \"rank\": \"S\", \"score\": 187403050, \"count50\": 0, \"perfect\": 1, \"user_id\": 1860489, \"count100\": 43, \"count300\": 2273, \"maxcombo\": 2741, \"score_id\": 3265654159, \"countgeki\": 361, \"countkatu\": 27, \"countmiss\": 0, \"beatmap_id\": 2079597, \"enabled_mods\": 0, \"replay_available\": 1}', 1, 0);
INSERT INTO `player` VALUES (2165650, 'mcy4', 22, '2021-01-15 02:17:45', '{\"level\": 102.923, \"pp_raw\": 15065.4, \"count50\": 488859, \"country\": \"HK\", \"pp_rank\": 39, \"user_id\": 2165650, \"accuracy\": 98.57315063476562, \"count100\": 4065898, \"count300\": 40866893, \"username\": \"mcy4\", \"join_date\": \"2012-12-08 08:33:38\", \"playcount\": 208934, \"total_score\": 319205326003, \"count_rank_a\": 1690, \"count_rank_s\": 575, \"ranked_score\": 39820280865, \"count_rank_sh\": 560, \"count_rank_ss\": 12, \"count_rank_ssh\": 14, \"pp_country_rank\": 2, \"total_seconds_played\": 9724688}', '{\"pp\": 867.191, \"date\": \"2020-10-14 14:27:58\", \"rank\": \"A\", \"score\": 40878591, \"count50\": 0, \"perfect\": 0, \"user_id\": 2165650, \"count100\": 13, \"count300\": 909, \"maxcombo\": 1243, \"score_id\": 3278943063, \"countgeki\": 236, \"countkatu\": 9, \"countmiss\": 2, \"beatmap_id\": 1778560, \"enabled_mods\": 72, \"replay_available\": 1}', 1, 0);
INSERT INTO `player` VALUES (2200982, 'Muji', 6, '2021-01-15 02:17:25', '{\"level\": 100.188, \"pp_raw\": 10368.4, \"count50\": 48392, \"country\": \"HK\", \"pp_rank\": 1006, \"user_id\": 2200982, \"accuracy\": 97.6399917602539, \"count100\": 462554, \"count300\": 5159992, \"username\": \"Muji\", \"join_date\": \"2012-12-21 08:18:30\", \"playcount\": 32005, \"total_score\": 45758627674, \"count_rank_a\": 498, \"count_rank_s\": 226, \"ranked_score\": 11817957981, \"count_rank_sh\": 160, \"count_rank_ss\": 33, \"count_rank_ssh\": 19, \"pp_country_rank\": 22, \"total_seconds_played\": 1339046}', '{\"pp\": 605.812, \"date\": \"2020-10-15 09:50:44\", \"rank\": \"A\", \"score\": 1529014, \"count50\": 0, \"perfect\": 0, \"user_id\": 2200982, \"count100\": 21, \"count300\": 181, \"maxcombo\": 265, \"score_id\": 3279951206, \"countgeki\": 50, \"countkatu\": 15, \"countmiss\": 0, \"beatmap_id\": 2338610, \"enabled_mods\": 72, \"replay_available\": 1}', 1, 0);
INSERT INTO `player` VALUES (2472609, 'Imokora', 3, '2021-01-15 02:17:23', '{\"level\": 100.673, \"pp_raw\": 9183.2, \"count50\": 88414, \"country\": \"TW\", \"pp_rank\": 2531, \"user_id\": 2472609, \"accuracy\": 98.94832611083984, \"count100\": 725456, \"count300\": 10689209, \"username\": \"Imokora\", \"join_date\": \"2013-03-24 12:00:26\", \"playcount\": 40977, \"total_score\": 94232731299, \"count_rank_a\": 1555, \"count_rank_s\": 755, \"ranked_score\": 27267063326, \"count_rank_sh\": 298, \"count_rank_ss\": 149, \"count_rank_ssh\": 110, \"pp_country_rank\": 38, \"total_seconds_played\": 2790461}', '{\"pp\": 567.919, \"date\": \"2019-06-29 12:57:30\", \"rank\": \"S\", \"score\": 133665590, \"count50\": 0, \"perfect\": 0, \"user_id\": 2472609, \"count100\": 32, \"count300\": 1780, \"maxcombo\": 2423, \"score_id\": 2840299012, \"countgeki\": 221, \"countkatu\": 15, \"countmiss\": 0, \"beatmap_id\": 1537566, \"enabled_mods\": 0, \"replay_available\": 1}', 1, 0);
INSERT INTO `player` VALUES (2529213, 'SugiuraAyano', 21, '2021-01-15 02:17:44', '{\"level\": 100.876, \"pp_raw\": 7407.4, \"count50\": 72065, \"country\": \"TW\", \"pp_rank\": 7652, \"user_id\": 2529213, \"accuracy\": 99.1696319580078, \"count100\": 789914, \"count300\": 11655342, \"username\": \"SugiuraAyano\", \"join_date\": \"2013-04-10 07:43:05\", \"playcount\": 42829, \"total_score\": 114572531149, \"count_rank_a\": 2246, \"count_rank_s\": 1030, \"ranked_score\": 41459505390, \"count_rank_sh\": 621, \"count_rank_ss\": 47, \"count_rank_ssh\": 50, \"pp_country_rank\": 150, \"total_seconds_played\": 3075188}', '{\"pp\": 390.251, \"date\": \"2019-12-14 06:25:20\", \"rank\": \"SH\", \"score\": 31599079, \"count50\": 1, \"perfect\": 1, \"user_id\": 2529213, \"count100\": 9, \"count300\": 854, \"maxcombo\": 1259, \"score_id\": 2958666414, \"countgeki\": 154, \"countkatu\": 7, \"countmiss\": 0, \"beatmap_id\": 2188430, \"enabled_mods\": 72, \"replay_available\": 1}', 1, 0);
INSERT INTO `player` VALUES (2808144, 'Music Lord', 8, '2021-01-15 02:17:28', '{\"level\": 101.491, \"pp_raw\": 8128.27, \"count50\": 161397, \"country\": \"TW\", \"pp_rank\": 4934, \"user_id\": 2808144, \"accuracy\": 98.47891235351562, \"count100\": 1842477, \"count300\": 19227786, \"username\": \"Music Lord\", \"join_date\": \"2013-06-15 03:16:06\", \"playcount\": 97271, \"total_score\": 176067410749, \"count_rank_a\": 2521, \"count_rank_s\": 292, \"ranked_score\": 49164370443, \"count_rank_sh\": 1825, \"count_rank_ss\": 9, \"count_rank_ssh\": 93, \"pp_country_rank\": 80, \"total_seconds_played\": 5103897}', '{\"pp\": 454.36, \"date\": \"2019-09-25 12:08:19\", \"rank\": \"A\", \"score\": 26123631, \"count50\": 1, \"perfect\": 0, \"user_id\": 2808144, \"count100\": 5, \"count300\": 840, \"maxcombo\": 1129, \"score_id\": 2901642155, \"countgeki\": 184, \"countkatu\": 5, \"countmiss\": 1, \"beatmap_id\": 574471, \"enabled_mods\": 72, \"replay_available\": 0}', 1, 0);
INSERT INTO `player` VALUES (3066316, '[ MILK_Jiang]', 19, '2021-01-15 02:17:42', '{\"level\": 101.979, \"pp_raw\": 7378.27, \"count50\": 135706, \"country\": \"TW\", \"pp_rank\": 7854, \"user_id\": 3066316, \"accuracy\": 99.3375473022461, \"count100\": 1303419, \"count300\": 20739969, \"username\": \"[ MILK_Jiang]\", \"join_date\": \"2013-08-04 02:41:30\", \"playcount\": 80279, \"total_score\": 224861119801, \"count_rank_a\": 1495, \"count_rank_s\": 1089, \"ranked_score\": 40899483109, \"count_rank_sh\": 176, \"count_rank_ss\": 106, \"count_rank_ssh\": 26, \"pp_country_rank\": 155, \"total_seconds_played\": 4353586}', '{\"pp\": 389.145, \"date\": \"2016-04-03 12:42:23\", \"rank\": \"SH\", \"score\": 70741534, \"count50\": 0, \"perfect\": 0, \"user_id\": 3066316, \"count100\": 11, \"count300\": 1212, \"maxcombo\": 1737, \"score_id\": 2091603501, \"countgeki\": 308, \"countkatu\": 11, \"countmiss\": 0, \"beatmap_id\": 827803, \"enabled_mods\": 8, \"replay_available\": 1}', 1, 0);
INSERT INTO `player` VALUES (3163649, 'GfMRT', 16, '2021-01-15 02:17:39', '{\"level\": 105.823, \"pp_raw\": 12348.7, \"count50\": 148437, \"country\": \"TW\", \"pp_rank\": 285, \"user_id\": 3163649, \"accuracy\": 99.09882354736328, \"count100\": 1720189, \"count300\": 36360084, \"username\": \"GfMRT\", \"join_date\": \"2013-08-21 13:15:25\", \"playcount\": 128104, \"total_score\": 609260190284, \"count_rank_a\": 948, \"count_rank_s\": 851, \"ranked_score\": 145321037859, \"count_rank_sh\": 4770, \"count_rank_ss\": 172, \"count_rank_ssh\": 801, \"pp_country_rank\": 7, \"total_seconds_played\": 8228788}', '{\"pp\": 655.787, \"date\": \"2020-05-06 13:34:23\", \"rank\": \"SH\", \"score\": 864708, \"count50\": 0, \"perfect\": 1, \"user_id\": 3163649, \"count100\": 3, \"count300\": 135, \"maxcombo\": 173, \"score_id\": 3077136058, \"countgeki\": 43, \"countkatu\": 3, \"countmiss\": 0, \"beatmap_id\": 1992711, \"enabled_mods\": 72, \"replay_available\": 1}', 1, 0);
INSERT INTO `player` VALUES (3366658, 'MiyazonoKuma', 13, '2021-01-15 02:17:34', '{\"level\": 100.589, \"pp_raw\": 9035.97, \"count50\": 157854, \"country\": \"TW\", \"pp_rank\": 2450, \"user_id\": 3366658, \"accuracy\": 98.17486572265624, \"count100\": 1326694, \"count300\": 11443387, \"username\": \"MiyazonoKuma\", \"join_date\": \"2013-10-01 10:28:03\", \"playcount\": 67520, \"total_score\": 85792604412, \"count_rank_a\": 776, \"count_rank_s\": 166, \"ranked_score\": 19726324095, \"count_rank_sh\": 690, \"count_rank_ss\": 23, \"count_rank_ssh\": 80, \"pp_country_rank\": 42, \"total_seconds_played\": 3281271}', '{\"pp\": 535.755, \"date\": \"2019-09-22 13:03:46\", \"rank\": \"XH\", \"score\": 591005, \"count50\": 0, \"perfect\": 1, \"user_id\": 3366658, \"count100\": 0, \"count300\": 123, \"maxcombo\": 166, \"score_id\": 2899742728, \"countgeki\": 24, \"countkatu\": 0, \"countmiss\": 0, \"beatmap_id\": 2150733, \"enabled_mods\": 72, \"replay_available\": 1}', 1, 0);
INSERT INTO `player` VALUES (3416783, '_kyuu', 5, '2021-01-15 02:17:25', '{\"level\": 100.92, \"pp_raw\": 5737.74, \"count50\": 49944, \"country\": \"TW\", \"pp_rank\": 28376, \"user_id\": 3416783, \"accuracy\": 99.33747863769533, \"count100\": 697794, \"count300\": 12078952, \"username\": \"_kyuu\", \"join_date\": \"2013-10-12 10:19:14\", \"playcount\": 46151, \"total_score\": 118945512963, \"count_rank_a\": 2878, \"count_rank_s\": 941, \"ranked_score\": 40365830109, \"count_rank_sh\": 517, \"count_rank_ss\": 93, \"count_rank_ssh\": 50, \"pp_country_rank\": 495, \"total_seconds_played\": 3211433}', '{\"pp\": 342.071, \"date\": \"2018-08-29 08:36:53\", \"rank\": \"A\", \"score\": 73320820, \"count50\": 0, \"perfect\": 0, \"user_id\": 3416783, \"count100\": 9, \"count300\": 1466, \"maxcombo\": 1800, \"score_id\": 2619479813, \"countgeki\": 342, \"countkatu\": 7, \"countmiss\": 1, \"beatmap_id\": 1519282, \"enabled_mods\": 0, \"replay_available\": 1}', 1, 0);
INSERT INTO `player` VALUES (3517706, '[ Zane ]', 25, '2021-01-15 02:17:49', '{\"level\": 106.006, \"pp_raw\": 13868.8, \"count50\": 203748, \"country\": \"TW\", \"pp_rank\": 95, \"user_id\": 3517706, \"accuracy\": 99.2180633544922, \"count100\": 2534714, \"count300\": 44697245, \"username\": \"[ Zane ]\", \"join_date\": \"2013-10-30 01:44:16\", \"playcount\": 190618, \"total_score\": 627532069300, \"count_rank_a\": 2440, \"count_rank_s\": 1801, \"ranked_score\": 108639516926, \"count_rank_sh\": 1301, \"count_rank_ss\": 151, \"count_rank_ssh\": 119, \"pp_country_rank\": 1, \"total_seconds_played\": 10110143}', '{\"pp\": 789.862, \"date\": \"2020-10-19 21:01:16\", \"rank\": \"S\", \"score\": 423634160, \"count50\": 0, \"perfect\": 0, \"user_id\": 3517706, \"count100\": 29, \"count300\": 3378, \"maxcombo\": 4196, \"score_id\": 3285919901, \"countgeki\": 440, \"countkatu\": 20, \"countmiss\": 0, \"beatmap_id\": 2365752, \"enabled_mods\": 0, \"replay_available\": 1}', 1, 0);
INSERT INTO `player` VALUES (4183988, 'Zxcy', 17, '2021-01-15 02:17:40', '{\"level\": 100.669, \"pp_raw\": 7578.18, \"count50\": 87376, \"country\": \"HK\", \"pp_rank\": 6765, \"user_id\": 4183988, \"accuracy\": 98.49141693115234, \"count100\": 1018564, \"count300\": 12363354, \"username\": \"Zxcy\", \"join_date\": \"2014-03-25 11:27:06\", \"playcount\": 78273, \"total_score\": 93811750881, \"count_rank_a\": 492, \"count_rank_s\": 517, \"ranked_score\": 10836505751, \"count_rank_sh\": 116, \"count_rank_ss\": 29, \"count_rank_ssh\": 9, \"pp_country_rank\": 109, \"total_seconds_played\": 3528194}', '{\"pp\": 447.867, \"date\": \"2019-06-25 20:12:25\", \"rank\": \"SH\", \"score\": 1759375, \"count50\": 0, \"perfect\": 0, \"user_id\": 4183988, \"count100\": 11, \"count300\": 211, \"maxcombo\": 273, \"score_id\": 2837744367, \"countgeki\": 34, \"countkatu\": 8, \"countmiss\": 0, \"beatmap_id\": 2060305, \"enabled_mods\": 72, \"replay_available\": 0}', 1, 0);
INSERT INTO `player` VALUES (4519494, 'Spinesnight', 14, '2021-01-15 02:17:36', '{\"level\": 102.565, \"pp_raw\": 9255.88, \"count50\": 206352, \"country\": \"TW\", \"pp_rank\": 2148, \"user_id\": 4519494, \"accuracy\": 98.711669921875, \"count100\": 2474045, \"count300\": 27799311, \"username\": \"Spinesnight\", \"join_date\": \"2014-06-13 09:02:53\", \"playcount\": 122082, \"total_score\": 283469211797, \"count_rank_a\": 1531, \"count_rank_s\": 1943, \"ranked_score\": 78481561462, \"count_rank_sh\": 1221, \"count_rank_ss\": 76, \"count_rank_ssh\": 31, \"pp_country_rank\": 37, \"total_seconds_played\": 7077492}', '{\"pp\": 495.212, \"date\": \"2020-04-23 12:22:43\", \"rank\": \"A\", \"score\": 49907310, \"count50\": 0, \"perfect\": 0, \"user_id\": 4519494, \"count100\": 18, \"count300\": 1150, \"maxcombo\": 1448, \"score_id\": 3062573386, \"countgeki\": 192, \"countkatu\": 15, \"countmiss\": 1, \"beatmap_id\": 1270000, \"enabled_mods\": 0, \"replay_available\": 1}', 1, 0);
INSERT INTO `player` VALUES (5155973, 'Rizer', 4, '2021-01-15 02:17:24', '{\"level\": 107.86, \"pp_raw\": 13699.8, \"count50\": 60655, \"country\": \"TW\", \"pp_rank\": 106, \"user_id\": 5155973, \"accuracy\": 99.13928985595705, \"count100\": 1069546, \"count300\": 41950272, \"username\": \"Rizer\", \"join_date\": \"2014-11-04 14:04:46\", \"playcount\": 165711, \"total_score\": 812885636530, \"count_rank_a\": 1629, \"count_rank_s\": 2788, \"ranked_score\": 215310474864, \"count_rank_sh\": 5613, \"count_rank_ss\": 781, \"count_rank_ssh\": 2136, \"pp_country_rank\": 2, \"total_seconds_played\": 9807816}', '{\"pp\": 780.894, \"date\": \"2020-08-29 14:08:35\", \"rank\": \"S\", \"score\": 422251960, \"count50\": 0, \"perfect\": 0, \"user_id\": 5155973, \"count100\": 37, \"count300\": 3370, \"maxcombo\": 4192, \"score_id\": 3217970033, \"countgeki\": 433, \"countkatu\": 27, \"countmiss\": 0, \"beatmap_id\": 2365752, \"enabled_mods\": 0, \"replay_available\": 1}', 1, 0);
INSERT INTO `player` VALUES (5413624, 'Hibiki', 15, '2021-01-15 02:17:37', '{\"level\": 101.274, \"pp_raw\": 10893.1, \"count50\": 158831, \"country\": \"HK\", \"pp_rank\": 695, \"user_id\": 5413624, \"accuracy\": 98.67893981933594, \"count100\": 1259802, \"count300\": 15543007, \"username\": \"Hibiki\", \"join_date\": \"2014-12-24 13:28:57\", \"playcount\": 83155, \"total_score\": 154295013314, \"count_rank_a\": 865, \"count_rank_s\": 119, \"ranked_score\": 29463073477, \"count_rank_sh\": 681, \"count_rank_ss\": 15, \"count_rank_ssh\": 166, \"pp_country_rank\": 18, \"total_seconds_played\": 4125168}', '{\"pp\": 611.499, \"date\": \"2019-11-19 07:42:45\", \"rank\": \"SH\", \"score\": 4533140, \"count50\": 0, \"perfect\": 1, \"user_id\": 5413624, \"count100\": 7, \"count300\": 280, \"maxcombo\": 407, \"score_id\": 2940851121, \"countgeki\": 86, \"countkatu\": 6, \"countmiss\": 0, \"beatmap_id\": 1925194, \"enabled_mods\": 72, \"replay_available\": 1}', 1, 0);
INSERT INTO `player` VALUES (5920715, '2rdiodul', 12, '2021-01-15 02:17:33', '{\"level\": 100.741, \"pp_raw\": 7937.81, \"count50\": 60547, \"country\": \"TW\", \"pp_rank\": 5225, \"user_id\": 5920715, \"accuracy\": 97.23833465576172, \"count100\": 986399, \"count300\": 10227158, \"username\": \"2rdiodul\", \"join_date\": \"2015-02-09 02:07:41\", \"playcount\": 52632, \"total_score\": 100991759710, \"count_rank_a\": 1565, \"count_rank_s\": 1016, \"ranked_score\": 30397938607, \"count_rank_sh\": 597, \"count_rank_ss\": 36, \"count_rank_ssh\": 4, \"pp_country_rank\": 94, \"total_seconds_played\": 2783576}', '{\"pp\": 449.783, \"date\": \"2020-05-20 12:45:27\", \"rank\": \"SH\", \"score\": 4234897, \"count50\": 0, \"perfect\": 0, \"user_id\": 5920715, \"count100\": 10, \"count300\": 329, \"maxcombo\": 459, \"score_id\": 3092541015, \"countgeki\": 70, \"countkatu\": 8, \"countmiss\": 0, \"beatmap_id\": 2118443, \"enabled_mods\": 72, \"replay_available\": 0}', 1, 0);
INSERT INTO `player` VALUES (7172340, 'NekoKamui', 9, '2021-01-15 02:17:28', '{\"level\": 101.36, \"pp_raw\": 9836.83, \"count50\": 155574, \"country\": \"TW\", \"pp_rank\": 1448, \"user_id\": 7172340, \"accuracy\": 98.16925048828124, \"count100\": 1503440, \"count300\": 16942419, \"username\": \"NekoKamui\", \"join_date\": \"2015-10-02 12:44:17\", \"playcount\": 101699, \"total_score\": 162974127073, \"count_rank_a\": 1951, \"count_rank_s\": 1288, \"ranked_score\": 47579729585, \"count_rank_sh\": 481, \"count_rank_ss\": 140, \"count_rank_ssh\": 70, \"pp_country_rank\": 30, \"total_seconds_played\": 4847125}', '{\"pp\": 544.821, \"date\": \"2020-05-24 13:28:06\", \"rank\": \"SH\", \"score\": 1282720, \"count50\": 0, \"perfect\": 1, \"user_id\": 7172340, \"count100\": 1, \"count300\": 182, \"maxcombo\": 225, \"score_id\": 3097115524, \"countgeki\": 42, \"countkatu\": 1, \"countmiss\": 0, \"beatmap_id\": 1068383, \"enabled_mods\": 72, \"replay_available\": 1}', 1, 0);
INSERT INTO `player` VALUES (8660293, 'willy0214', 26, '2021-01-15 02:17:50', '{\"level\": 102.114, \"pp_raw\": 10294.5, \"count50\": 92850, \"country\": \"TW\", \"pp_rank\": 1238, \"user_id\": 8660293, \"accuracy\": 98.72705841064452, \"count100\": 1228176, \"count300\": 23161852, \"username\": \"willy0214\", \"join_date\": \"2016-07-05 09:02:57\", \"playcount\": 130674, \"total_score\": 238311517618, \"count_rank_a\": 660, \"count_rank_s\": 336, \"ranked_score\": 15441907627, \"count_rank_sh\": 17, \"count_rank_ss\": 38, \"count_rank_ssh\": 6, \"pp_country_rank\": 19, \"total_seconds_played\": 5680907}', '{\"pp\": 612.023, \"date\": \"2019-12-30 11:01:58\", \"rank\": \"S\", \"score\": 179969540, \"count50\": 0, \"perfect\": 0, \"user_id\": 8660293, \"count100\": 28, \"count300\": 2195, \"maxcombo\": 2723, \"score_id\": 2970848482, \"countgeki\": 382, \"countkatu\": 22, \"countmiss\": 0, \"beatmap_id\": 1241370, \"enabled_mods\": 0, \"replay_available\": 1}', 1, 0);
INSERT INTO `player` VALUES (9539163, 'EthanTC', 7, '2021-01-15 02:17:27', '{\"level\": 102.089, \"pp_raw\": 10054.3, \"count50\": 89474, \"country\": \"TW\", \"pp_rank\": 1274, \"user_id\": 9539163, \"accuracy\": 99.17862701416016, \"count100\": 908709, \"count300\": 18824828, \"username\": \"EthanTC\", \"join_date\": \"2017-01-07 08:54:47\", \"playcount\": 69590, \"total_score\": 235817637267, \"count_rank_a\": 1426, \"count_rank_s\": 2, \"ranked_score\": 37316960111, \"count_rank_sh\": 648, \"count_rank_ss\": 0, \"count_rank_ssh\": 46, \"pp_country_rank\": 25, \"total_seconds_played\": 4749461}', '{\"pp\": 613.157, \"date\": \"2019-12-10 08:44:22\", \"rank\": \"SH\", \"score\": 141649759, \"count50\": 3, \"perfect\": 1, \"user_id\": 9539163, \"count100\": 32, \"count300\": 1777, \"maxcombo\": 2424, \"score_id\": 2955865849, \"countgeki\": 216, \"countkatu\": 19, \"countmiss\": 0, \"beatmap_id\": 1537566, \"enabled_mods\": 8, \"replay_available\": 1}', 1, 0);
INSERT INTO `player` VALUES (9632700, 'Odiz', 24, '2021-01-15 02:17:48', '{\"level\": 100.495, \"pp_raw\": 7842.59, \"count50\": 45314, \"country\": \"TW\", \"pp_rank\": 6320, \"user_id\": 9632700, \"accuracy\": 98.98811340332033, \"count100\": 586506, \"count300\": 8893212, \"username\": \"Odiz\", \"join_date\": \"2017-01-25 07:18:32\", \"playcount\": 54942, \"total_score\": 76467155434, \"count_rank_a\": 681, \"count_rank_s\": 182, \"ranked_score\": 9827963636, \"count_rank_sh\": 201, \"count_rank_ss\": 15, \"count_rank_ssh\": 24, \"pp_country_rank\": 100, \"total_seconds_played\": 2446194}', '{\"pp\": 429.261, \"date\": \"2020-03-10 13:50:59\", \"rank\": \"A\", \"score\": 32345484, \"count50\": 0, \"perfect\": 0, \"user_id\": 9632700, \"count100\": 6, \"count300\": 1164, \"maxcombo\": 1277, \"score_id\": 3020887081, \"countgeki\": 275, \"countkatu\": 5, \"countmiss\": 6, \"beatmap_id\": 915210, \"enabled_mods\": 0, \"replay_available\": 1}', 1, 0);
INSERT INTO `player` VALUES (9868529, 'We Luv Nanahira', 1, '2021-01-15 02:15:38', '{\"level\": 100.866, \"pp_raw\": 8541.71, \"count50\": 95094, \"country\": \"TW\", \"pp_rank\": 3410, \"user_id\": 9868529, \"accuracy\": 99.23779296875, \"count100\": 1087558, \"count300\": 13366782, \"username\": \"We Luv Nanahira\", \"join_date\": \"2017-03-10 13:37:47\", \"playcount\": 62008, \"total_score\": 113550784952, \"count_rank_a\": 2178, \"count_rank_s\": 195, \"ranked_score\": 34020657291, \"count_rank_sh\": 684, \"count_rank_ss\": 12, \"count_rank_ssh\": 39, \"pp_country_rank\": 58, \"total_seconds_played\": 3695480}', '{\"pp\": 478.467, \"date\": \"2020-06-07 14:32:11\", \"rank\": \"SH\", \"score\": 51133861, \"count50\": 0, \"perfect\": 0, \"user_id\": 9868529, \"count100\": 11, \"count300\": 1004, \"maxcombo\": 1485, \"score_id\": 3113609893, \"countgeki\": 209, \"countkatu\": 10, \"countmiss\": 0, \"beatmap_id\": 2204234, \"enabled_mods\": 24, \"replay_available\": 1}', 1, 1);
INSERT INTO `player` VALUES (9991663, '[-koume-]', 23, '2021-01-15 02:17:47', '{\"level\": 101.086, \"pp_raw\": 7771.48, \"count50\": 106262, \"country\": \"HK\", \"pp_rank\": 5860, \"user_id\": 9991663, \"accuracy\": 98.63877868652344, \"count100\": 1351069, \"count300\": 17624791, \"username\": \"[-koume-]\", \"join_date\": \"2017-04-02 14:14:29\", \"playcount\": 104391, \"total_score\": 135566103186, \"count_rank_a\": 2313, \"count_rank_s\": 690, \"ranked_score\": 35869204640, \"count_rank_sh\": 1340, \"count_rank_ss\": 62, \"count_rank_ssh\": 228, \"pp_country_rank\": 94, \"total_seconds_played\": 5124911}', '{\"pp\": 458.453, \"date\": \"2020-04-19 09:54:05\", \"rank\": \"SH\", \"score\": 4326951, \"count50\": 0, \"perfect\": 1, \"user_id\": 9991663, \"count100\": 8, \"count300\": 313, \"maxcombo\": 468, \"score_id\": 3058174327, \"countgeki\": 72, \"countkatu\": 7, \"countmiss\": 0, \"beatmap_id\": 1619564, \"enabled_mods\": 72, \"replay_available\": 0}', 1, 0);
INSERT INTO `player` VALUES (12717375, 'NashiKari', 10, '2021-01-15 02:17:29', '{\"level\": 100.523, \"pp_raw\": 8525.51, \"count50\": 150050, \"country\": \"TW\", \"pp_rank\": 3444, \"user_id\": 12717375, \"accuracy\": 97.90440368652344, \"count100\": 1623527, \"count300\": 13955807, \"username\": \"NashiKari\", \"join_date\": \"2018-07-23 12:19:12\", \"playcount\": 72710, \"total_score\": 79205359482, \"count_rank_a\": 1260, \"count_rank_s\": 404, \"ranked_score\": 16202723565, \"count_rank_sh\": 393, \"count_rank_ss\": 24, \"count_rank_ssh\": 39, \"pp_country_rank\": 59, \"total_seconds_played\": 3998076}', '{\"pp\": 495.754, \"date\": \"2019-11-26 13:49:01\", \"rank\": \"A\", \"score\": 30469108, \"count50\": 7, \"perfect\": 0, \"user_id\": 12717375, \"count100\": 82, \"count300\": 904, \"maxcombo\": 1321, \"score_id\": 2945892110, \"countgeki\": 166, \"countkatu\": 29, \"countmiss\": 1, \"beatmap_id\": 1945175, \"enabled_mods\": 64, \"replay_available\": 1}', 1, 0);

-- ----------------------------
-- Table structure for round
-- ----------------------------
DROP TABLE IF EXISTS `round`;
CREATE TABLE `round`  (
  `id` int(11) NOT NULL AUTO_INCREMENT COMMENT '階段 ID',
  `name` varchar(50) CHARACTER SET utf8 COLLATE utf8_general_ci NOT NULL COMMENT '階段名稱',
  `description` varchar(50) CHARACTER SET utf8 COLLATE utf8_general_ci NULL DEFAULT NULL COMMENT '備註',
  `best_of` int(11) NOT NULL DEFAULT 9 COMMENT '預設Base Of',
  `start_date` datetime NULL DEFAULT NULL COMMENT '預設開始時間',
  `pool_publish` tinyint(4) NOT NULL DEFAULT 0 COMMENT '圖池是否已公開',
  PRIMARY KEY (`id`) USING BTREE
) ENGINE = InnoDB AUTO_INCREMENT = 7 CHARACTER SET = utf8 COLLATE = utf8_general_ci COMMENT = '階段' ROW_FORMAT = DYNAMIC;

-- ----------------------------
-- Records of round
-- ----------------------------
INSERT INTO `round` VALUES (1, 'Round of 32', '32強賽', 7, '2021-01-17 00:00:00', 1);
INSERT INTO `round` VALUES (2, 'Round of 16', '16強賽', 9, '2021-01-17 18:42:00', 1);
INSERT INTO `round` VALUES (3, 'Quarterfinals', '8強賽', 9, '2021-01-18 00:00:00', 0);
INSERT INTO `round` VALUES (4, 'Semifinals', '半決賽', 11, '2021-01-18 00:00:00', 0);
INSERT INTO `round` VALUES (5, 'Finals', '決賽', 11, '2021-01-18 00:00:00', 0);
INSERT INTO `round` VALUES (6, 'Grand Final', '總決賽', 13, '2021-01-18 00:00:00', 0);

-- ----------------------------
-- Table structure for staff
-- ----------------------------
DROP TABLE IF EXISTS `staff`;
CREATE TABLE `staff`  (
  `id` int(11) NOT NULL AUTO_INCREMENT COMMENT '工作人員 ID',
  `user_id` int(11) NOT NULL COMMENT 'OSU ID',
  `group_id` int(11) NOT NULL COMMENT '群組 ID',
  `username` varchar(16) CHARACTER SET utf8 COLLATE utf8_general_ci NOT NULL COMMENT 'OSU 用戶名',
  `privileges` int(11) NOT NULL DEFAULT 1,
  `join_date` datetime NOT NULL DEFAULT CURRENT_TIMESTAMP ON UPDATE CURRENT_TIMESTAMP,
  `active` tinyint(4) NOT NULL DEFAULT 1,
  PRIMARY KEY (`id`) USING BTREE,
  UNIQUE INDEX `user_id`(`user_id`) USING BTREE,
  INDEX `group_id`(`group_id`) USING BTREE,
  CONSTRAINT `group_id` FOREIGN KEY (`group_id`) REFERENCES `group` (`id`) ON DELETE RESTRICT ON UPDATE RESTRICT
) ENGINE = InnoDB AUTO_INCREMENT = 35 CHARACTER SET = utf8 COLLATE = utf8_general_ci COMMENT = '工作人員' ROW_FORMAT = DYNAMIC;

-- ----------------------------
-- Records of staff
-- ----------------------------
INSERT INTO `staff` VALUES (1, 6008293, 1, '_CHIMERA', 1023, '2021-02-15 22:03:18', 1);
INSERT INTO `staff` VALUES (2, 7633130, 4, 'Poyoyo', 4, '2021-01-31 23:11:37', 1);
INSERT INTO `staff` VALUES (3, 7172340, 3, 'NekoKamui', 2, '0000-00-00 00:00:00', 1);
INSERT INTO `staff` VALUES (4, 1593180, 5, 'XzCraftP', 8, '0000-00-00 00:00:00', 1);
INSERT INTO `staff` VALUES (5, 4410916, 4, 'Hikari Awa', 4, '0000-00-00 00:00:00', 1);
INSERT INTO `staff` VALUES (6, 4360253, 4, 'lifeEX', 4, '0000-00-00 00:00:00', 1);
INSERT INTO `staff` VALUES (7, 2537924, 4, 'DazzLE_Wind', 4, '0000-00-00 00:00:00', 1);
INSERT INTO `staff` VALUES (8, 1921656, 4, 'NaNami RURU', 4, '0000-00-00 00:00:00', 1);
INSERT INTO `staff` VALUES (9, 12567451, 4, 'danielgood243', 4, '0000-00-00 00:00:00', 1);
INSERT INTO `staff` VALUES (10, 1786610, 3, 'Naze Meiyue', 2, '0000-00-00 00:00:00', 1);
INSERT INTO `staff` VALUES (11, 2317789, 3, 'Diaostrophism', 2, '0000-00-00 00:00:00', 1);
INSERT INTO `staff` VALUES (12, 9539163, 3, 'EthanTC', 2, '0000-00-00 00:00:00', 1);
INSERT INTO `staff` VALUES (13, 4438362, 3, 'YinyinMeiDaiZi', 2, '0000-00-00 00:00:00', 1);
INSERT INTO `staff` VALUES (14, 11047052, 3, '[ Guai ]', 2, '0000-00-00 00:00:00', 1);
INSERT INTO `staff` VALUES (15, 4783406, 3, '[ small black ]', 10, '2021-02-13 19:34:23', 1);
INSERT INTO `staff` VALUES (16, 8878107, 3, 'gggiantguygirl', 2, '0000-00-00 00:00:00', 1);
INSERT INTO `staff` VALUES (17, 12676270, 3, 'ostriich_LEN', 2, '0000-00-00 00:00:00', 1);
INSERT INTO `staff` VALUES (18, 1028615, 3, 'Y e c h I', 2, '0000-00-00 00:00:00', 1);
INSERT INTO `staff` VALUES (19, 6077567, 3, '[YAMATO]', 2, '0000-00-00 00:00:00', 1);
INSERT INTO `staff` VALUES (20, 2529213, 2, 'SugiuraAyano', 80, '0000-00-00 00:00:00', 1);
INSERT INTO `staff` VALUES (21, 7472477, 2, 'slowstart', 64, '0000-00-00 00:00:00', 1);
INSERT INTO `staff` VALUES (22, 9034233, 2, 'NachoNya', 64, '0000-00-00 00:00:00', 1);
INSERT INTO `staff` VALUES (24, 4086497, 6, 'Hey lululu', 16, '0000-00-00 00:00:00', 1);
INSERT INTO `staff` VALUES (25, 1285637, 6, 'Shiina Noriko', 16, '0000-00-00 00:00:00', 1);
INSERT INTO `staff` VALUES (26, 4464409, 7, 'Akshilsnow', 32, '0000-00-00 00:00:00', 1);
INSERT INTO `staff` VALUES (27, 1952803, 10, 'Oktavia', 1, '0000-00-00 00:00:00', 1);
INSERT INTO `staff` VALUES (28, 6720545, 9, 'jun112561', 256, '2021-01-31 23:11:55', 1);
INSERT INTO `staff` VALUES (29, 3759860, 3, 'Raniemi', 2, '2021-01-31 17:51:21', 0);
INSERT INTO `staff` VALUES (30, 3, 10, 'BanchoBot', 1, '2021-01-30 02:53:53', 0);
INSERT INTO `staff` VALUES (31, 9502522, 6, '[ TNTlealu ]', 16, '2021-02-16 03:00:18', 1);
INSERT INTO `staff` VALUES (32, 2, 9, 'peppy', 256, '2021-04-12 02:43:02', 1);
INSERT INTO `staff` VALUES (33, 9834516, 2, 'Himeno Sena', 64, '2021-02-15 21:40:25', 1);
INSERT INTO `staff` VALUES (34, 2465704, 1, 'John6023', 1023, '2021-04-24 15:08:06', 1);

-- ----------------------------
-- Table structure for team
-- ----------------------------
DROP TABLE IF EXISTS `team`;
CREATE TABLE `team`  (
  `id` int(11) NOT NULL AUTO_INCREMENT COMMENT '隊伍 ID',
  `full_name` varchar(50) CHARACTER SET utf8 COLLATE utf8_general_ci NOT NULL COMMENT '隊伍全名',
  `flag_name` varchar(50) CHARACTER SET utf8 COLLATE utf8_general_ci NULL DEFAULT NULL COMMENT '隊伍旗幟名',
  `acronym` varchar(50) CHARACTER SET utf8 COLLATE utf8_general_ci NULL DEFAULT NULL COMMENT '隊伍簡稱',
  `status` tinyint(1) NOT NULL DEFAULT 0 COMMENT '狀態',
  PRIMARY KEY (`id`) USING BTREE
) ENGINE = InnoDB AUTO_INCREMENT = 28 CHARACTER SET = utf8 COLLATE = utf8_general_ci COMMENT = '隊伍' ROW_FORMAT = DYNAMIC;

-- ----------------------------
-- Records of team
-- ----------------------------
INSERT INTO `team` VALUES (1, 'We Luv Nanahira', 'avatar.9868529', 'We Luv Nanahira', 0);
INSERT INTO `team` VALUES (2, 'Bitcoin', 'avatar.654296', 'Bitcoin', 0);
INSERT INTO `team` VALUES (3, 'Imokora', 'avatar.2472609', 'Imokora', 0);
INSERT INTO `team` VALUES (4, 'Rizer', 'avatar.5155973', 'Rizer', 0);
INSERT INTO `team` VALUES (5, '_kyuu', 'avatar.3416783', '_kyuu', 0);
INSERT INTO `team` VALUES (6, 'Muji', 'avatar.2200982', 'Muji', 0);
INSERT INTO `team` VALUES (7, 'EthanTC', 'avatar.9539163', 'EthanTC', 0);
INSERT INTO `team` VALUES (8, 'Music Lord', 'avatar.2808144', 'Music Lord', 0);
INSERT INTO `team` VALUES (9, 'NekoKamui', 'avatar.7172340', 'NekoKamui', 0);
INSERT INTO `team` VALUES (10, 'NashiKari', 'avatar.12717375', 'NashiKari', 0);
INSERT INTO `team` VALUES (11, '_Shield', 'avatar.1860489', '_Shield', 0);
INSERT INTO `team` VALUES (12, '2rdiodul', 'avatar.5920715', '2rdiodul', 0);
INSERT INTO `team` VALUES (13, 'MiyazonoKuma', 'avatar.3366658', 'MiyazonoKuma', 0);
INSERT INTO `team` VALUES (14, 'Spinesnight', 'avatar.4519494', 'Spinesnight', 0);
INSERT INTO `team` VALUES (15, 'Hibiki', 'avatar.5413624', 'Hibiki', 0);
INSERT INTO `team` VALUES (16, 'GfMRT', 'avatar.3163649', 'GfMRT', 0);
INSERT INTO `team` VALUES (17, 'Zxcy', 'avatar.4183988', 'Zxcy', 0);
INSERT INTO `team` VALUES (18, 'Naze Meiyue', 'avatar.1786610', 'Naze Meiyue', 0);
INSERT INTO `team` VALUES (19, '[ MILK_Jiang]', 'avatar.3066316', '[ MILK_Jiang]', 0);
INSERT INTO `team` VALUES (20, 'XzCraftP', 'avatar.1593180', 'XzCraftP', 0);
INSERT INTO `team` VALUES (21, 'SugiuraAyano', 'avatar.2529213', 'SugiuraAyano', 0);
INSERT INTO `team` VALUES (22, 'mcy4', 'avatar.2165650', 'mcy4', 0);
INSERT INTO `team` VALUES (23, '[-koume-]', 'avatar.9991663', '[-koume-]', 0);
INSERT INTO `team` VALUES (24, 'Odiz', 'avatar.9632700', 'Odiz', 0);
INSERT INTO `team` VALUES (25, '[ Zane ]', 'avatar.3517706', '[ Zane ]', 0);
INSERT INTO `team` VALUES (26, 'willy0214', 'avatar.8660293', 'willy0214', 0);
INSERT INTO `team` VALUES (27, 'Hibiki', 'avatar.5413624', 'Hibiki', 0);

-- ----------------------------
-- Table structure for tourney
-- ----------------------------
DROP TABLE IF EXISTS `tourney`;
CREATE TABLE `tourney`  (
  `id` int(11) NOT NULL AUTO_INCREMENT COMMENT '比賽 ID',
  `full_name` varchar(50) CHARACTER SET utf8 COLLATE utf8_general_ci NOT NULL COMMENT '比賽全名',
  `acronym` varchar(10) CHARACTER SET utf8 COLLATE utf8_general_ci NOT NULL COMMENT '比賽簡稱',
  `register_start_date` datetime NULL DEFAULT NULL COMMENT '比賽註冊開始時間',
  `register_end_date` datetime NULL DEFAULT NULL COMMENT '比賽註冊截止時間',
  `max_team` int(11) NOT NULL DEFAULT 0 COMMENT '註冊隊伍上限(0=無限)',
  `room_size` int(11) NOT NULL DEFAULT 9 COMMENT '預設房間大小',
  `team_size` int(11) NOT NULL DEFAULT 4 COMMENT '預設房間每隊人數',
  `per_team_players_min` int(11) NOT NULL DEFAULT 4 COMMENT '每隊最少人數',
  `per_team_players_max` int(11) NOT NULL DEFAULT 8 COMMENT '每隊最多人數',
  `game_mode` int(11) NOT NULL DEFAULT 0 COMMENT '預設房間遊戲模式',
  `win_condition` int(11) NOT NULL DEFAULT 0 COMMENT '預設房間勝利條件',
  `team_mode` int(11) NOT NULL DEFAULT 0 COMMENT '預設房間分組方式',
  `timer` int(11) NOT NULL DEFAULT 90 COMMENT '預設房間倒數時間',
  `live_link` varchar(500) CHARACTER SET utf8 COLLATE utf8_general_ci NULL DEFAULT NULL COMMENT '直播網址',
  `map_sort` varchar(50) CHARACTER SET utf8 COLLATE utf8_general_ci NULL DEFAULT NULL,
  `1v1` tinyint(1) NOT NULL DEFAULT 0 COMMENT '是否為1v1',
  PRIMARY KEY (`id`) USING BTREE
) ENGINE = InnoDB AUTO_INCREMENT = 2 CHARACTER SET = utf8 COLLATE = utf8_general_ci COMMENT = '比賽資訊' ROW_FORMAT = DYNAMIC;

-- ----------------------------
-- Records of tourney
-- ----------------------------
INSERT INTO `tourney` VALUES (1, '840 Peculiar Person Cup', '8PPC', '2019-12-01 00:00:00', '2020-01-10 23:59:59', 0, 3, 1, 1, 1, 0, 3, 0, 80, 'https://www.twitch.tv/840tourney', '', 0);


-- ----------------------------
-- View structure for view_staff
-- ----------------------------
DROP VIEW IF EXISTS `view_staff`;
CREATE ALGORITHM = UNDEFINED SQL SECURITY DEFINER VIEW `view_staff` AS select `s`.`id` AS `id`,`s`.`user_id` AS `user_id`,`s`.`group_id` AS `group_id`,`s`.`username` AS `username`,`s`.`privileges` AS `privileges`,`s`.`join_date` AS `join_date`,`s`.`active` AS `active`,`g`.`name` AS `group_name`,`g`.`ch_name` AS `group_chname` from (`staff` `s` left join `group` `g` on((`g`.`id` = `s`.`group_id`)));

-- ----------------------------
-- View structure for json_mappool
-- ----------------------------
DROP VIEW IF EXISTS `json_mappool`;
CREATE ALGORITHM = UNDEFINED SQL SECURITY DEFINER VIEW `json_mappool` AS select `m`.`id` AS `id`,`m`.`round_id` AS `round_id`,`m`.`mods` AS `mods`,`m`.`code` AS `code`,json_object('id',`m`.`id`,'beatmap_id',`m`.`beatmap_id`,'round_id',`m`.`round_id`,'mods',`m`.`mods`,'code',`m`.`code`,'enabled_mods',`g`.`enabled_mods`,'freemod',(`g`.`freemod` = TRUE),'info',`m`.`info`,'nominator',json_object('id',`s`.`id`,'user_id',`s`.`user_id`,'username',`s`.`username`,'group',json_object('id',`s`.`group_id`,'name',`s`.`group_name`,'ch_name',`s`.`group_chname`)),'add_date',`m`.`add_date`,'note',`m`.`note`,'colour',json_object('hex',`g`.`hex_color`,'badge',`g`.`badge_color`)) AS `json` from ((`mappool` `m` left join `view_staff` `s` on((`s`.`id` = `m`.`nominator`))) left join `map_group` `g` on((`g`.`name` = `m`.`mods`))) order by `m`.`mods`,`m`.`code`;

-- ----------------------------
-- View structure for json_player
-- ----------------------------
DROP VIEW IF EXISTS `json_player`;
CREATE ALGORITHM = UNDEFINED SQL SECURITY DEFINER VIEW `json_player` AS select `player`.`user_id` AS `user_id`,`player`.`team` AS `team`,json_object('user_id',`player`.`user_id`,'username',`player`.`username`,'team',`player`.`team`,'register_date',`player`.`register_date`,'info',`player`.`info`,'bp1',`player`.`bp1`,'active',`player`.`active`,'leader',`player`.`leader`) AS `json` from `player`;

-- ----------------------------
-- View structure for json_round
-- ----------------------------
DROP VIEW IF EXISTS `json_round`;
CREATE ALGORITHM = UNDEFINED SQL SECURITY DEFINER VIEW `json_round` AS select `r`.`id` AS `id`,`r`.`pool_publish` AS `pool_publish`,json_object('id',`r`.`id`,'name',`r`.`name`,'description',`r`.`description`,'best_of',`r`.`best_of`,'start_date',`r`.`start_date`,'pool_publish',`r`.`pool_publish`,'mappool', json_arrayagg(json_object('id',`m`.`id`,'beatmap_id',`m`.`beatmap_id`,'round_id',`m`.`round_id`,'group',`m`.`mods`,'code',`m`.`code`,'enabled_mods',`g`.`enabled_mods`,'freemod',(`g`.`freemod` = TRUE),'info',`m`.`info`,'nominator',json_object('id',`s`.`id`,'user_id',`s`.`user_id`,'username',`s`.`username`,'group',json_object('id',`s`.`group_id`,'name',`s`.`group_name`,'ch_name',`s`.`group_chname`)),'add_date',`m`.`add_date`,'note',`m`.`note`,'colour',json_object('hex',`g`.`hex_color`,'badge',`g`.`badge_color`)))) AS `json` from (((`round` `r` left join `mappool` `m` on((`m`.`round_id` = `r`.`id`))) left join `view_staff` `s` on((`s`.`id` = `m`.`nominator`))) left join `map_group` `g` on((`g`.`name` = `m`.`mods`))) group by `r`.`id`;

-- ----------------------------
-- View structure for json_team
-- ----------------------------
DROP VIEW IF EXISTS `json_team`;
CREATE ALGORITHM = UNDEFINED SQL SECURITY DEFINER VIEW `json_team` AS select `t`.`id` AS `id`,json_object('id',`t`.`id`,'full_name',`t`.`full_name`,'acronym',`t`.`acronym`,'flag_name',`t`.`flag_name`,'players',`p`.`players`,'status',`t`.`status`) AS `json` from (`tourney`.`team` `t` left join (select `json_player`.`team` AS `id`,json_arrayagg(`json_player`.`json`) AS `players` from `tourney`.`json_player` group by `json_player`.`team`) `p` on((`p`.`id` = `t`.`id`)));